Domestic Opening,Name,Domestic Distributor,Earliest Release Date,MPAA,Running Time,Genres,Overview,Actors,Film makers
"$24,209,385","Me, Myself & Irene",Twentieth Century Fox,"June 23, 2000 (Domestic)",R,1 hr 56 min,,A nice-guy cop with Dissociative Identity Disorder must protect a woman on the run from a corrupt ex-boyfriend and his associates.,"['Jim Carrey', 'Renée Zellweger', 'Anthony Anderson', 'Mongo Brownlee']","['Bobby Farrelly', 'Peter Farrelly', 'Peter Farrelly', 'Mike Cerrone', 'Bobby Farrelly', 'Bobby Farrelly', 'Peter Farrelly', 'Bradley Thomas', 'Lee Scott', 'Pete Yorn', 'Mark Irwin', 'Christopher Greenbury', 'Sydney J. Bartholomew Jr.']"
"$15,277,921",The Beach,Twentieth Century Fox,"February 11, 2000 (Domestic)",R,1 hr 59 min,,"On vacation in Thailand, Richard sets out for an island rumored to be a solitary beach paradise.","['Leonardo DiCaprio', 'Tilda Swinton', 'Daniel York', 'Patcharawan Patarakijjanon']","['Danny Boyle', 'John Hodge', 'Alex Garland', 'Andrew Macdonald', 'Angelo Badalamenti', 'Darius Khondji', 'Masahiro Hirakubo', 'Andrew McAlpine']"
"$20,905,831",Remember the Titans,Walt Disney Studios Motion Pictures,"September 29, 2000 (Domestic)",PG,1 hr 53 min,,"In 1971 Virginia high school football was everything to the people of Alexandria. But when the school board was forced to integrate an all-black school with an all-white one, the very foundation of football's tradition was put to the test.","['Denzel Washington', 'Will Patton', 'Wood Harris', 'Ryan Hurst']","['Boaz Yakin', 'Gregory Allen Howard', 'Jerry Bruckheimer', 'Chad Oman', 'Trevor Rabin', 'Philippe Rousselot', 'Michael Tronick', 'Deborah Evans']"
"$19,575,608",Pokémon the Movie 2000,Warner Bros.,"July 21, 2000 (Domestic)",,1 hr 24 min,Action Adventure Animation Comedy Drama Family Fantasy,"Ash Ketchum must gather the three spheres of fire, ice and lightning in order to restore balance to the Orange Islands.","['Veronica Taylor', 'Rica Matsumoto', 'Ikue Ôtani', 'Unshô Ishizuka']","['Kunihiko Yuyama', 'Satoshi Tajiri', 'Takeshi Shudô', 'Yukako Matsusako', 'Takemoto Mori', 'Ken Sakamoto', 'Chôji Yoshikawa', 'Manny Corallo', 'Pat Irwin', 'John Lissauer', 'John Loeffler', 'Shinji Miyazaki', 'Ralph Schuckett', 'Hisao Shirai', 'Toshio Henmi']"
"$18,093,776",Space Cowboys,Warner Bros.,"August 4, 2000 (Domestic)",PG-13,2 hr 10 min,,"When retired engineer Frank Corvin is called upon to rescue a failing satellite, he insists that his equally old teammates accompany him into space.","['Clint Eastwood', 'Tommy Lee Jones', 'Donald Sutherland', 'James Garner']","['Clint Eastwood', 'Ken Kaufman', 'Howard Klausner', 'Clint Eastwood', 'Andrew Lazar', 'Lennie Niehaus', 'Jack N. Green', 'Joel Cox', 'Henry Bumstead']"
"$19,553,310",U-571,Universal Pictures,"April 21, 2000 (Domestic)",PG-13,1 hr 56 min,,A German submarine is boarded by disguised American submariners trying to capture their Enigma cipher machine.,"['Matthew McConaughey', 'Bill Paxton', 'Harvey Keitel', 'Jon Bon Jovi']","['Jonathan Mostow', 'Jonathan Mostow', 'Jonathan Mostow', 'Sam Montgomery', 'David Ayer', 'Dino De Laurentiis', 'Martha De Laurentiis', 'Richard Marvin', 'Oliver Wood', 'Wayne Wahrman', 'William Ladd Skinner', 'Götz Weidner']"
"$10,554,960",The Family Man,Universal Pictures,"December 14, 2000 (Germany)",PG-13,2 hr 5 min,,"A fast-lane investment broker, offered the opportunity to see how the other half lives, wakes up to find that his sports car and girlfriend have become a mini-van and wife.","['Nicolas Cage', 'Téa Leoni', 'Don Cheadle', 'Jeremy Piven']","['Brett Ratner', 'David Diamond', 'David Weissman', 'Marc Abraham', 'Tony Ludwig', 'Alan Riche', 'Howard Rosenman', 'Danny Elfman', 'Dante Spinotti', 'Mark Helfrich', 'Kristi Zea']"
"$15,484,004",Road Trip,DreamWorks Distribution,"May 19, 2000 (Domestic)",R,1 hr 33 min,,Four college buddies embark on a road trip to retrieve an illicit tape mistakenly mailed to a female friend.,"['Breckin Meyer', 'Seann William Scott', 'Amy Smart', 'Paulo Costanzo']","['Todd Phillips', 'Todd Phillips', 'Scot Armstrong', 'Daniel Goldberg', 'Joe Medjuck', 'Michael Simpson', 'Mark Irwin', 'Sheldon Kahn', 'Clark Hunter']"
"$17,319,282",Coyote Ugly,Walt Disney Studios Motion Pictures,"August 4, 2000 (Domestic)",PG-13,1 hr 40 min,,"Aspiring songwriter Violet Sanford, after getting a job at a women-run NYC bar that teases its male patrons, comes out of her shell.","['Piper Perabo', 'Adam Garcia', 'John Goodman', 'Maria Bello']","['David McNally', 'Gina Wendkos', 'Jerry Bruckheimer', 'Chad Oman', 'Trevor Horn', 'Amir Mokri', 'William Goldenberg', 'Jon Hutman']"
"$10,015,822",Final Destination,New Line Cinema,"March 17, 2000 (Domestic)",R,1 hr 38 min,,"After getting a premonition about a plane crash on his school trip, Alex, a student saves a few of his classmates. However, their situation gets complicated when death starts chasing them.","['Devon Sawa', 'Ali Larter', 'Kerr Smith', 'Kristen Cloke']","['James Wong', 'Glen Morgan', 'James Wong', 'Jeffrey Reddick', 'Jeffrey Reddick', 'Glen Morgan', 'Craig Perry', 'Warren Zide', 'Adam Hamilton', 'Shirley Walker', 'Robert McLachlan', 'James Coblentz', 'John Willett']"
,The Exorcist,Warner Bros.,"December 26, 1973 (Domestic)",R,2 hr 2 min,Horror,"When a young girl is possessed by a mysterious entity, her mother seeks the help of two Catholic priests to save her life.","['Ellen Burstyn', 'Max von Sydow', 'Linda Blair', 'Lee J. Cobb']","['William Friedkin', 'William Peter Blatty', 'William Peter Blatty', 'William Peter Blatty', 'Owen Roizman', 'Norman Gay', 'Evan A. Lottman', 'Bill Malley', 'Gene Rudolf']"
"$22,855,247",Mission to Mars,Walt Disney Studios Motion Pictures,"March 10, 2000 (Domestic)",PG,1 hr 54 min,,"When the first manned mission to Mars meets with a catastrophic and mysterious disaster after reporting an unidentified structure, a rescue mission is launched to investigate the tragedy and bring back any survivors.","['Tim Robbins', 'Gary Sinise', 'Don Cheadle', 'Connie Nielsen']","['Brian De Palma', 'Lowell Cannon', 'Jim Thomas', 'John Thomas', 'Jim Thomas', 'John Thomas', 'Graham Yost', 'Tom Jacobson', 'Ennio Morricone', 'Stephen H. Burum', 'Paul Hirsch', 'Ed Verreaux']"
"$12,687,726",The Kid,Walt Disney Studios Motion Pictures,"July 7, 2000 (Domestic)",PG,1 hr 44 min,,"An unhappy, disliked image consultant gets a second shot at life when he is mysteriously confronted by an eight-year-old version of himself.","['Bruce Willis', 'Spencer Breslin', 'Emily Mortimer', 'Lily Tomlin']","['Jon Turteltaub', 'Audrey Wells', 'Hunt Lowry', 'Christina Steinberg', 'Jon Turteltaub', 'Marc Shaiman', 'Peter Menzies Jr.', 'Peter Honess', 'David Rennie', 'Garreth Stover']"
"$215,681",Billy Elliot,Focus Features,"September 29, 2000 (United Kingdom)",R,1 hr 50 min,,A talented young boy becomes torn between his unexpected love of dance and the disintegration of his family.,"['Jamie Bell', 'Julie Walters', 'Jean Heywood', 'Jamie Draven']","['Stephen Daldry', 'Lee Hall', 'Greg Brenman', 'Jon Finn', 'Stephen Warbeck', 'Brian Tufano', 'John Wilson', 'Maria Djurkovic']"
"$21,714,757",Shaft,Paramount Pictures,"June 16, 2000 (Domestic)",R,1 hr 39 min,,New York City police detective John Shaft (nephew of the original 1970s detective) goes on a personal mission to make sure the son of a real estate tycoon is brought to justice after a racially-motivated murder.,"['Samuel L. Jackson', 'Vanessa Williams', 'Christian Bale', 'Jeffrey Wright']","['John Singleton', 'Ernest Tidyman', 'John Singleton', 'Shane Salerno', 'Richard Price', 'John Singleton', 'Shane Salerno', 'Scott Rudin', 'John Singleton', 'David Arnold', 'Donald E. Thorin', 'John Bloom', 'Al Rodgers', 'Antonia Van Drimmelen', 'Patrizia von Brandenstein']"
"$13,731,070",The Whole Nine Yards,Warner Bros.,"February 18, 2000 (Domestic)",,1 hr 38 min,Comedy Crime,"A struggling dentist's life is turned upside down when a famous gangster moves in next door, and his wife convinces him to inform a notorious mob boss about the gangster's whereabouts.","['Bruce Willis', 'Matthew Perry', 'Rosanna Arquette', 'Michael Clarke Duncan']","['Jonathan Lynn', 'Mitchell Kapner', 'Allan Kaufman', 'David Willis', 'Randy Edelman', 'Gary Gold', 'David Franco', 'Tom Lewis', 'David L. Snyder']"
"$17,515,050",The Cell,New Line Cinema,"August 18, 2000 (Domestic)",R,1 hr 47 min,,"An F.B.I. Agent persuades a social worker, who is adept with a new experimental technology, to enter the mind of a comatose serial killer in order to learn where he has hidden his latest kidnap victim.","['Jennifer Lopez', 'Vince Vaughn', ""Vincent D'Onofrio"", 'Colton James']","['Tarsem Singh', 'Mark Protosevich', 'Julio Caro', 'Eric McLeod', 'Howard Shore', 'Paul Laufer', 'Robert Duffy', 'Paul Rubell', 'Tom Foden']"
"$22,718,184",Rugrats in Paris,Paramount Pictures,"November 17, 2000 (Domestic)",,1 hr 18 min,Adventure Animation Comedy Family Romance,"While on a family vacation in Paris, the Rugrats attempt to help Chuckie find a new mom while stopping his dad from marrying a conniving businesswoman who hates kids.","['Christine Cavanaugh', 'Elizabeth Daily', 'Cheryl Chase', 'Tara Strong']","['Stig Bergqvist', 'Paul Demeyer', 'J. David Stem', 'David N. Weiss', 'Jill Gorey', 'Barbara Herndon', 'Kate Boutilier', 'Arlene Klasky', 'Gabor Csupo', 'Paul Germain', 'Peter Chung', 'Gabor Csupo', 'Arlene Klasky', 'Mark Mothersbaugh', 'John Bryant', 'Dima Malanitchev']"
"$15,607,034",Shanghai Noon,Walt Disney Studios Motion Pictures,"May 26, 2000 (Domestic)",PG-13,1 hr 50 min,,"A Chinese man travels to the Wild West to rescue a kidnapped Princess. After teaming up with a train robber, the unlikely duo takes on a Chinese traitor and his corrupt boss.","['Jackie Chan', 'Owen Wilson', 'Lucy Liu', 'Brandon Merrill']","['Tom Dey', 'Miles Millar', 'Alfred Gough', 'Gary Barber', 'Roger Birnbaum', 'Jonathan Glickman', 'Randy Edelman', 'Dan Mindel', 'Richard Chew', 'Peter J. Hampton']"
"$9,427,532",The Tigger Movie,Walt Disney Studios Motion Pictures,"February 11, 2000 (Domestic)",,1 hr 17 min,Adventure Animation Comedy Drama Family Musical,Tigger goes looking through the hundred-acre-wood to find his family.,"['Jim Cummings', 'Nikita Hopkins', 'Ken Sansom', 'John Fiedler']","['Jun Falkenstein', 'Eddie Guzelian', 'Jun Falkenstein', 'A.A. Milne', 'Cheryl Abood', 'Harry Gregson-Williams', 'Allen Daviau']"
"$13,020,883",The 6th Day,Sony Pictures Releasing,"November 17, 2000 (Domestic)",PG-13,2 hr 3 min,,A man meets a clone of himself and stumbles into a grand conspiracy about clones taking over the world.,"['Arnold Schwarzenegger', 'Michael Rapaport', 'Tony Goldwyn', 'Michael Rooker']","['Roger Spottiswoode', 'Cormac Wibberley', 'Marianne Wibberley', 'Jon Davison', 'Mike Medavoy', 'Arnold Schwarzenegger', 'Trevor Rabin', 'Pierre Mignot', 'Michel Arcand', 'Mark Conte', 'Dominique Fortin', 'Jim Bissell', 'John Willett']"
"$18,014,503",Romeo Must Die,Warner Bros.,"March 22, 2000 (Domestic)",R,1 hr 55 min,,An avenging cop seeks out his brother's killer and falls for the daughter of a businessman who is involved in a money-deal with his father.,"['Jet Li', 'Aaliyah', 'Isaiah Washington', 'Russell Wong']","['Andrzej Bartkowiak', 'Mitchell Kapner', 'Eric Bernt', 'John Jarrell', 'Joel Silver', 'Jim Van Wyck', 'Stanley Clarke', 'Glen MacPherson', 'Derek Brechin', 'Michael S. Bolton']"
"$2,290,525",Fantasia 2000,Walt Disney Studios Motion Pictures,"January 1, 2000 (Domestic)",,1 hr 15 min,Animation Family Fantasy Music,An update of the original film with new interpretations of great works of classical music.,"['James Levine', 'Steve Martin', 'Itzhak Perlman', 'Quincy Jones']","['James Algar', 'Gaëtan Brizzi', 'Paul Brizzi', 'Hendel Butoy', 'Francis Glebas', 'Eric Goldberg', 'Don Hahn', 'Pixote Hunt', 'Eric Goldberg', 'James Fujii', 'Joe Grant', 'Perce Pearce', 'Carl Fallberg', 'Gaëtan Brizzi', 'Paul Brizzi', 'Don Hahn', 'David Reynolds', 'Irene Mecchi', 'Hans Christian Andersen', 'Brenda Chapman', 'Elena Driskill', 'Mel Shaw', 'Donald W. Ernst', 'James Levine', 'Tim Suhrstedt', 'Jessica Ambinder-Rojas', 'Lois Freeman-Fox', 'Julia Gray', 'Craig Paulsen', 'Gregory F. Plotts', 'Pixote Hunt', 'Michael Peraza Jr.', 'Patricia Peraza']"
"$10,987,006",Autumn in New York,Metro-Goldwyn-Mayer (MGM),"August 11, 2000 (Domestic)",PG-13,1 hr 43 min,,"Romantic drama about an aging playboy who falls for a sweet, but terminally ill, young woman.","['Richard Gere', 'Winona Ryder', 'Anthony LaPaglia', 'Elaine Stritch']","['Joan Chen', 'Allison Burnett', 'Gary Lucchesi', 'Amy Robinson', 'Tom Rosenberg', 'Gabriel Yared', 'Changwei Gu', 'Ruby Yang', 'Mark Friedberg']"
"$17,362,105",Bring It On,Universal Pictures,"August 25, 2000 (Domestic)",PG-13,1 hr 38 min,,A champion high school cheerleading squad discovers its previous captain stole all their best routines from an inner-city school and must scramble to compete at this year's championships.,"['Kirsten Dunst', 'Eliza Dushku', 'Jesse Bradford', 'Gabrielle Union']","['Peyton Reed', 'Jessica Bendinger', 'Marc Abraham', 'Thomas A. Bliss', 'Christophe Beck', 'Shawn Maurer', 'Larry Bock', 'Sharon Lomofsky']"
"$13,106,526",Bedazzled,Twentieth Century Fox,"October 20, 2000 (Domestic)",PG-13,1 hr 33 min,,"Hopeless dweeb Elliot Richards is granted seven wishes by the Devil to snare Allison, the girl of his dreams, in exchange for his soul.","['Brendan Fraser', 'Elizabeth Hurley', ""Frances O'Connor"", 'Miriam Shor']","['Harold Ramis', 'Peter Cook', 'Peter Cook', 'Dudley Moore', 'Larry Gelbart', 'Harold Ramis', 'Peter Tolan', 'Trevor Albert', 'Harold Ramis', 'David Newman', 'Bill Pope', 'Craig Herring', 'Rick Heinrichs']"
"$27,932",Snatch,Screen Gems,"November 9, 2000 (Australia)",R,1 hr 44 min,Comedy Crime,"Unscrupulous boxing promoters, violent bookmakers, a Russian gangster, incompetent amateur robbers and supposedly Jewish jewelers fight to track down a priceless stolen diamond.","['Jason Statham', 'Brad Pitt', 'Stephen Graham', 'Vinnie Jones']","['Guy Ritchie', 'Guy Ritchie', 'Matthew Vaughn', 'John Murphy', 'Tim Maurice-Jones', 'Jon Harris', 'Hugo Luczyc-Wyhowski']"
"$13,339,465",Men of Honor,Twentieth Century Fox,"November 10, 2000 (Domestic)",R,2 hr 9 min,,"The story of Carl Brashear, the first African-American U.S. Navy Diver, and the man who trained him.","['Cuba Gooding Jr.', 'Robert De Niro', 'Charlize Theron', 'Aunjanue Ellis-Taylor']","['George Tillman Jr.', 'Scott Marshall Smith', 'Bill Badalato', 'Robert Teitel', 'Mark Isham', 'Anthony B. Richmond', 'John Carter', 'Dirk Westervelt', 'Leslie Dilley']"
"$701,207",Finding Forrester,Sony Pictures Releasing,"December 22, 2000 (Domestic)",PG-13,2 hr 16 min,Drama,"Forrester, the author of a famous book, decides to help Jamal, a 16-year-old student, discover his writing prowess by mentoring him and enrolling him into a prestigious private school.","['Sean Connery', 'Rob Brown', 'F. Murray Abraham', 'Anna Paquin']","['Gus Van Sant', 'Mike Rich', 'Sean Connery', 'Laurence Mark', 'Rhonda Tollefson', 'Harris Savides', 'Valdís Óskarsdóttir', 'Jane Musky']"
"$12,846,652",The Road to El Dorado,DreamWorks Distribution,"March 31, 2000 (Domestic)",PG,1 hr 29 min,,"Two swindlers get their hands on a map to the fabled city of gold, El Dorado.","['Kevin Kline', 'Kenneth Branagh', 'Rosie Perez', 'Armand Assante']","['Bibo Bergeron', 'Don Paul', 'Jeffrey Katzenberg', 'Ted Elliott', 'Terry Rossio', 'Karey Kirkpatrick', 'Philip LaZebnik', 'Brooke Breton', 'Bonne Radford', 'John Powell', 'Hans Zimmer', 'John Carnochan', 'Vicki Hiatt', 'Dan Molina', 'Lynne Southerland', 'Vicky Jenson', 'Christian Schellewald']"
"$13,845,914","Dude, Where's My Car?",Twentieth Century Fox,"December 15, 2000 (Domestic)",PG-13,1 hr 23 min,,Two potheads wake up after a night of partying and cannot remember where they parked their car.,"['Ashton Kutcher', 'Seann William Scott', 'Jennifer Garner', 'Marla Sokoloff']","['Danny Leiner', 'Philip Stark', 'Broderick Johnson', 'Andrew A. Kosove', 'Gil Netter', 'Wayne Allan Rice', 'David Kitay', 'Robert M. Stevens', 'Kimberly Ray', 'Charles William Breen']"
"$195,104","O Brother, Where Art Thou?",Walt Disney Studios Motion Pictures,"August 30, 2000 (France)",PG-13,1 hr 47 min,Comedy Crime Drama Music,"In the deep south during the 1930s, three escaped convicts search for hidden treasure while a relentless lawman pursues them.","['George Clooney', 'John Turturro', 'Tim Blake Nelson', 'John Goodman']","['Joel Coen', 'Ethan Coen', 'Homer', 'Ethan Coen', 'Joel Coen', 'Ethan Coen', 'T Bone Burnett', 'Roger Deakins', 'Ethan Coen', 'Joel Coen', 'Tricia Cooke', 'Dennis Gassner']"
"$15,011,181",Rules of Engagement,Paramount Pictures,"April 7, 2000 (Domestic)",R,2 hr 8 min,,An attorney defends an officer on trial for ordering his troops to fire on civilians after they stormed a U.S. embassy in a Middle Eastern country.,"['Tommy Lee Jones', 'Samuel L. Jackson', 'Guy Pearce', 'Ben Kingsley']","['William Friedkin', 'Jim Webb', 'Stephen Gaghan', 'Scott Rudin', 'Richard D. Zanuck', 'Mark Isham', 'William A. Fraker', 'Nicola Pecorini', 'Augie Hess', 'Robert W. Laing']"
"$9,025,584",Frequency,New Line Cinema,"April 28, 2000 (Domestic)",PG-13,1 hr 58 min,,"An accidental cross-time radio link connects father and son across 30 years. The son tries to save his father's life, but then must fix the consequences.","['Dennis Quaid', 'Jim Caviezel', 'Shawn Doyle', 'Elizabeth Mitchell']","['Gregory Hoblit', 'Toby Emmerich', 'Bill Carraro', 'Toby Emmerich', 'Gregory Hoblit', 'Hawk Koch', 'Michael Kamen', 'Alar Kivilo', 'David Rosenbloom', 'Paul Eads']"
"$46,668",Thirteen Days,New Line Cinema,"December 22, 2000 (Domestic)",PG-13,2 hr 25 min,,"In October 1962, the Kennedy administration struggles to contain the Cuban Missile Crisis.","['Kevin Costner', 'Bruce Greenwood', 'Shawn Driscoll', 'Drake Cook']","['Roger Donaldson', 'David Self', 'Ernest R. May', 'Philip D. Zelikow', 'Peter O. Almond', 'Armyan Bernstein', 'Kevin Costner', 'Trevor Jones', 'Andrzej Bartkowiak', 'Conrad Buff IV', 'J. Dennis Washington']"
"$10,207,869",Proof of Life,Warner Bros.,"December 8, 2000 (Domestic)",R,2 hr 15 min,,"Alice hires a professional negotiator to obtain the release of her engineer husband, who has been kidnapped by anti-government guerrillas in South America.","['Meg Ryan', 'Russell Crowe', 'David Morse', 'Pamela Reed']","['Taylor Hackford', 'Tony Gilroy', 'William Prochnau', 'Thomas Hargrove', 'Taylor Hackford', 'Charles Mulvehill', 'Danny Elfman', 'Slawomir Idziak', 'Sheldon Kahn', 'John Smith', 'Bruno Rubeo']"
"$14,331,819",Snow Day,Paramount Pictures,"February 11, 2000 (Domestic)",PG,1 hr 29 min,,"When a school in upstate New York is snowed in, a group of students hi-jack a plow to keep the school closed.","['Chevy Chase', 'Mark Webber', 'Schuyler Fisk', 'Chris Elliott']","['Chris Koch', 'Will McRobb', 'Chris Viscardi', 'Albie Hecht', 'Julia Pistor', 'Steve Bartek', 'Robbie Greenberg', 'David Finfer', 'Leslie McDonald']"
"$10,310,672",28 Days,Sony Pictures Releasing,"April 14, 2000 (Domestic)",PG-13,1 hr 43 min,,A big-city newspaper columnist is forced to enter a drug and alcohol rehab center after ruining her sister's wedding and crashing a stolen limousine.,"['Sandra Bullock', 'Viggo Mortensen', 'Dominic West', 'Elizabeth Perkins']","['Betty Thomas', 'Susannah Grant', 'Jenno Topping', 'Richard Gibbs', 'Declan Quinn', 'Peter Teschner', 'Marcia Hinds']"
,Taxi 2,Lionsgate Films,"October 6, 2000 (Domestic)",,1 hr 28 min,Action Comedy Crime,"Police inspector Emilien and his taxi-driver pal Daniel are back, this time on the tail of a group of Japanese yakuza.","['Samy Naceri', 'Frédéric Diefenthal', 'Emma Wiklund', 'Marion Cotillard']","['Gérard Krawczyk', 'Luc Besson', 'Luc Besson', 'Laurent Pétin', 'Michèle Pétin', 'Al Khemya', 'Gérard Sterin', 'Thierry Hoss', 'Jean-Jacques Gernolle']"
"$8,078,671",Keeping the Faith,Walt Disney Studios Motion Pictures,"April 14, 2000 (Domestic)",PG-13,2 hr 8 min,,"Two friends, a priest and a rabbi, fall in love with the same woman they knew in their youth, but the religious position of both men denies them romance.","['Ben Stiller', 'Edward Norton', 'Jenna Elfman', 'Anne Bancroft']","['Edward Norton', 'Stuart Blumberg', 'Stuart Blumberg', 'Hawk Koch', 'Edward Norton', 'Elmer Bernstein', 'Anastas N. Michos', 'Malcolm Campbell', 'Wynn Thomas']"
"$14,465,156",Next Friday,New Line Cinema,"January 12, 2000 (Domestic)",R,1 hr 38 min,,"A streetwise man flees South Central Los Angeles, heading to the suburbs and his lottery-winner uncle and cousin, to avoid a neighborhood thug with a grudge who has just escaped from prison.","['Ice Cube', 'Mike Epps', 'Justin Pierce', 'John Witherspoon']","['Steve Carr', 'Ice Cube', 'DJ Pooh', 'Ice Cube', 'Ice Cube', 'Terence Blanchard', 'Christopher Baffa', 'Elena Maganini', 'Dina Lipton']"
"$10,518,435",The Flintstones in Viva Rock Vegas,Universal Pictures,"April 28, 2000 (Domestic)",PG,1 hr 30 min,,"In this live-action prequel to The Flintstones, the Flintstones and the Rubbles go on a trip to Rock Vegas, where Wilma Slaghoople is pursued by playboy Chip Rockefeller.","['Mark Addy', 'Stephen Baldwin', 'Kristen Johnston', 'Jane Krakowski']","['Brian Levant', 'William Hanna', 'Joseph Barbera', 'Deborah Kaplan', 'Harry Elfont', 'Jim Cash', 'Jack Epps Jr.', 'Bruce Cohen', 'David Newman', 'Jamie Anderson', 'Kent Beyda', 'Christopher Burian-Mohr']"
"$16,063,904",Little Nicky,New Line Cinema,"November 10, 2000 (Domestic)",PG-13,1 hr 30 min,,"After two of the devil's three sons escape Hell to wreak havoc on Earth, the devil must send his third son, the mild-mannered Nicky, to bring them back before it's too late.","['Adam Sandler', 'Patricia Arquette', 'Harvey Keitel', 'Rhys Ifans']","['Steven Brill', 'Tim Herlihy', 'Adam Sandler', 'Steven Brill', 'Jack Giarraputo', 'Robert Simonds', 'Teddy Castellucci', 'Theo van de Sande', 'Jeff Gourson', 'Perry Andelin Blake']"
"$9,631,359",Pay It Forward,Warner Bros.,"October 20, 2000 (Domestic)",PG-13,2 hr 3 min,,A young boy attempts to make the world a better place after his teacher gives him that chance.,"['Kevin Spacey', 'Haley Joel Osment', 'Helen Hunt', 'Jay Mohr']","['Mimi Leder', 'Catherine Ryan Hyde', 'Leslie Dixon', 'Peter Abrams', 'Robert L. Levy', 'Steven Reuther', 'Thomas Newman', 'Oliver Stapleton', 'David Rosenbloom', 'Leslie Dilley']"
"$11,423,716",Bounce,Miramax,"November 17, 2000 (Domestic)",PG-13,1 hr 46 min,,A man switches plane tickets with another man who dies in that plane in a crash. The man falls in love with the deceased one's wife.,"['Ben Affleck', 'Gwyneth Paltrow', 'Natasha Henstridge', 'Edward Edwards']","['Don Roos', 'Don Roos', 'Michael Besman', 'Steve Golin', 'Mychael Danna', 'Dean Landon', 'Robert Elswit', 'David Codron', 'David Wasco']"
"$11,577,688",Pitch Black,USA Films,"February 18, 2000 (Domestic)",R,1 hr 49 min,,A transport ship crashes and leaves its crew stranded on a desert planet inhabited by bloodthirsty creatures that come out during an eclipse.,"['Radha Mitchell', 'Cole Hauser', 'Vin Diesel', 'Keith David']","['David Twohy', 'Jim Wheat', 'Ken Wheat', 'Jim Wheat', 'Ken Wheat', 'David Twohy', 'Tom Engelman', 'Graeme Revell', 'David Eggby', 'Rick Shaine', ""Graham 'Grace' Walker""]"
"$13,567,978",Hanging Up,Sony Pictures Releasing,"February 18, 2000 (Domestic)",PG-13,1 hr 34 min,,"A trio of sisters bond over their ambivalence toward the approaching death of their curmudgeonly father, to whom none of them was particularly close.","['Diane Keaton', 'Meg Ryan', 'Lisa Kudrow', 'Walter Matthau']","['Diane Keaton', 'Delia Ephron', 'Delia Ephron', 'Nora Ephron', 'Nora Ephron', 'Laurence Mark', 'David Hirschfelder', 'Howard Atherton', 'Julie Monroe', 'Waldemar Kalinowski']"
"$11,034,885",The Skulls,Universal Pictures,"March 31, 2000 (Domestic)",PG-13,1 hr 46 min,,"A senior at an ivy league college, who depends on scholarships and working on the side, gets accepted into the secret society The Skulls. He hopes it betters chances at Harvard but The Skulls is not what he thought and comes at a price.","['Joshua Jackson', 'Paul Walker', 'Hill Harper', 'Leslie Bibb']","['Rob Cohen', 'John Pogue', 'Neal H. Moritz', 'John Pogue', 'Randy Edelman', 'Shane Hurlbut', 'Peter Amundson', 'Bob Ziembicki']"
"$11,039,214",The Replacements,Warner Bros.,"August 11, 2000 (Domestic)",PG-13,1 hr 58 min,,"During a pro football strike, the owners hire substitute players.","['Keanu Reeves', 'Gene Hackman', 'Brooke Langton', 'Orlando Jones']","['Howard Deutch', 'Vince McKewin', 'Dylan Sellers', 'John Debney', 'Tak Fujimoto', 'Seth Flaum', 'Bud S. Smith', 'Dan Bishop']"
"$13,223,887",Book of Shadows: Blair Witch 2,Artisan Entertainment,"October 27, 2000 (Domestic)",R,1 hr 30 min,,"A group of tourists arrives in Burkittsville, Maryland after seeing The Blair Witch Project to explore the mythology and phenomenon, only to come face to face with their own neuroses and possibly the witch herself.","['Jeffrey Donovan', 'Stephen Barker Turner', 'Erica Leerhsen', 'Kurt Loder']","['Joe Berlinger', 'Daniel Myrick', 'Eduardo Sánchez', 'Dick Beebe', 'Joe Berlinger', 'Bill Carraro', 'Carter Burwell', 'Nancy Schreiber', 'Sarah Flack', 'Vincent Peranio']"
"$2,314,646",Almost Famous,DreamWorks Distribution,"September 15, 2000 (Domestic)",R,2 hr 2 min,,A high-school boy in the early 1970s is given the chance to write a story for Rolling Stone magazine about an up-and-coming rock band as he accompanies them on their concert tour.,"['Billy Crudup', 'Patrick Fugit', 'Kate Hudson', 'Frances McDormand']","['Cameron Crowe', 'Cameron Crowe', 'Ian Bryce', 'Cameron Crowe', 'Nancy Wilson', 'John Toll', 'Joe Hutshing', 'Saar Klein']"
"$9,062,295",The Watcher,Universal Pictures,"September 8, 2000 (Domestic)",R,1 hr 37 min,,"David Allen Griffin is a cool killer- time and time again, he chooses a female victim, studies her for weeks till he knows her routine to the smallest detail, makes meticulous preparations using his forensic knowledge to gain entry when she's quite alone, subdues her and administers a long, torturous death. Joel Campbell got so frustrated by his failure to capture Griffin in Los Angeles, that he quit the FBI, moved to Chicago, and remains in psychiatric therapy, unable to function normally. Then he realizes, when opening his mail very late, that a new murder victim is Griffin's, and the killer sent him pictures of her. Campbell reports this to the police, but is unwilling to join them in the search, suggesting Griffin is too slick and clever; yet he won't get out of it that easily.","['James Spader', 'Keanu Reeves', 'Marisa Tomei', 'Ernie Hudson']","['Joe Charbanic', 'Darcy Meyers', 'David Elliot', 'David Elliot', 'Clay Ayers', 'Christopher Eberts', 'Elliott Lewitt', 'Nile Niami', 'Jeff Rice', 'Marco Beltrami', 'Michael Chapman', 'Richard Nord', 'Maria Caso', 'Brian Eatwell']"
"$6,429,107",High Fidelity,Walt Disney Studios Motion Pictures,"March 31, 2000 (Domestic)",R,1 hr 53 min,,"Rob, a record store owner and compulsive list maker, recounts his top five breakups, including the one in progress.","['John Cusack', 'Iben Hjejle', 'Todd Louiso', 'Jack Black']","['Stephen Frears', 'Nick Hornby', 'D.V. DeVincentis', 'Steve Pink', 'John Cusack', 'Scott Rosenberg', 'Tim Bevan', 'Rudd Simmons', 'Howard Shore', 'Seamus McGarvey', 'Mick Audsley', 'David Chapman', 'Thérèse DePrez']"
"$8,636,567",Dracula 2000,Miramax,"December 22, 2000 (Domestic)",R,1 hr 39 min,,"A group of thieves breaks into a chamber expecting to find paintings, but instead they release the count himself, who travels to New Orleans to find his nemesis' daughter, Mary Van Helsing.","['Gerard Butler', 'Justine Waddell', 'Jonny Lee Miller', 'Christopher Plummer']","['Patrick Lussier', 'Joel Soisson', 'Patrick Lussier', 'Joel Soisson', 'W.K. Border', 'Joel Soisson', 'Marco Beltrami', 'Peter Pau', 'Peter Devaney Flanagan', 'Patrick Lussier', 'Carol Spier']"
"$11,827",The Gift,Paramount Classics,"December 22, 2000 (Domestic)",R,1 hr 52 min,Drama Fantasy Horror Mystery,A fortune teller with extrasensory perception is asked to help find a young woman who has mysteriously disappeared.,"['Cate Blanchett', 'Katie Holmes', 'Keanu Reeves', 'Giovanni Ribisi']","['Sam Raimi', 'Billy Bob Thornton', 'Tom Epperson', 'James Jacks', 'Gary Lucchesi', 'Tom Rosenberg', 'Christopher Young', 'Jamie Anderson', 'Arthur Coburn', 'Bob Murawski', 'Neil Spisak']"
"$8,292,939",Where the Heart Is,Twentieth Century Fox,"April 28, 2000 (Domestic)",PG-13,2 hr,,"A pregnant seventeen-year-old rebuilds her life after being abandoned by her boyfriend at a Walmart in Sequoyah, Oklahoma.","['Natalie Portman', 'James Frain', 'Ashley Judd', 'Stockard Channing']","['Matt Williams', 'Lowell Ganz', 'Babaloo Mandel', 'Billie Letts', 'Susan Cartsonis', 'David McFadzean', 'Patricia Whitcher', 'Matt Williams', 'Mason Daring', 'Richard Greatrex', 'Ian Crafford', 'Paul Peters']"
"$9,413,684",Bless the Child,Paramount Pictures,"August 11, 2000 (Domestic)",R,1 hr 47 min,,"Cody, a little girl abandoned by her mother and raised by her aunt, a nurse, is kidnapped. The girl's guardian, aided by an F.B.I. agent, learn that Cody has supernatural abilities, and the abductees are a Satanic cult willing to do anything to gain them.","['Kim Basinger', 'Jimmy Smits', 'Rufus Sewell', 'Holliston Coleman']","['Chuck Russell', 'Cathy Cash Spellman', 'Thomas Rickman', 'Clifford Green', 'Ellen Green', 'Mace Neufeld', 'Christopher Young', 'Peter Menzies Jr.', 'Alan Heim', 'Carol Spier']"
"$10,410,993",The Art of War,Warner Bros.,"August 25, 2000 (Domestic)",R,1 hr 57 min,,"UN's secretary general uses covert operations to help diplomacy along. Shaw's called back 6 months after one such operation. He witnesses the murder of Chinese UN ambassador at UN, NYC, chases the assassin and ends up a suspect.","['Wesley Snipes', 'Donald Sutherland', 'Maury Chaykin', 'Anne Archer']","['Christian Duguay', 'Wayne Beach', 'Wayne Beach', 'Simon Barry', 'Nicolas Clermont', 'Ron Yuan', 'Normand Corbeil', 'Pierre Gill', 'Michel Arcand', 'Anne Pritchard']"
"$91,612",Dancer in the Dark,Fine Line Features,"September 22, 2000 (Domestic)",R,2 hr 20 min,Crime Drama Musical,An Eastern European US immigrant with a love for musicals has to cope with the gradual loss of her vision.,"['Björk', 'Catherine Deneuve', 'David Morse', 'Peter Stormare']","['Lars von Trier', 'Lars von Trier', 'Sjón', 'Vibeke Windeløv', 'Björk', 'Robby Müller', 'François Gédigier', 'Molly Malene Stensgaard', 'Karl Júlíusson']"
"$11,516,712",The Legend of Bagger Vance,DreamWorks Distribution,"November 3, 2000 (Domestic)",PG-13,2 hr 6 min,,A down-and-out golfer attempts to recover his game and his life with help from a mystical caddie.,"['Will Smith', 'Matt Damon', 'Charlize Theron', 'Bruce McGill']","['Robert Redford', 'Steven Pressfield', 'Jeremy Leven', 'Jake Eberts', 'Michael Nozik', 'Robert Redford', 'Rachel Portman', 'Michael Ballhaus', 'Hank Corwin', 'Stuart Craig']"
"$8,505,513",Urban Legends: Final Cut,Sony Pictures Releasing,"September 22, 2000 (Domestic)",R,1 hr 37 min,,A film school is the center of a fresh spate of killings based on urban legends.,"['Jennifer Morrison', 'Matthew Davis', 'Hart Bochner', 'Loretta Devine']","['John Ottman', 'Silvio Horta', 'Paul Harris Boardman', 'Scott Derrickson', 'Gina Matthews', 'Neal H. Moritz', 'Richard Luke Rothschild', 'John Ottman', 'Brian Pearson', 'Rob Kobrin', 'John Ottman', 'Mark Zuelzke']"
"$11,053,832",The Original Kings of Comedy,Paramount Pictures,"August 18, 2000 (Domestic)",R,1 hr 55 min,,A concert film featuring four major African American stand up comedians.,"['Steve Harvey', 'D.L. Hughley', 'Cedric The Entertainer', 'Bernie Mac']","['Spike Lee', 'Cedric The Entertainer', 'Steve Harvey', 'D.L. Hughley', 'Bernie Mac', 'David Gale', 'Walter Latham', 'Spike Lee', 'Malik Hassan Sayeed', 'Barry Alexander Brown', 'Wynn Thomas']"
"$9,376,845",Titan A.E.,Twentieth Century Fox,"June 16, 2000 (Domestic)",PG,1 hr 34 min,,A young man learns that he has to find a hidden Earth ship before an enemy alien species does in order to secure the survival of humanity.,"['Matt Damon', 'Drew Barrymore', 'Bill Pullman', 'Jim Breuer']","['Don Bluth', 'Gary Goldman', 'Hans Bauer', 'Randall McCormick', 'Ben Edlund', 'John August', 'Joss Whedon', 'Don Bluth', 'Gary Goldman', 'David Kirschner', 'Graeme Revell', 'Tim Simonec', 'Bob Bender', 'Paul Martin Smith', 'Fiona Trayler', 'Philip A. Cruden']"
"$7,820,836",Return to Me,Metro-Goldwyn-Mayer (MGM),"April 7, 2000 (Domestic)",PG,1 hr 55 min,,A man who falls in love with the woman who received his wife's heart must decide which woman it is who holds his heart.,"['David Duchovny', 'Minnie Driver', ""Carroll O'Connor"", 'Robert Loggia']","['Bonnie Hunt', 'Bonnie Hunt', 'Don Lake', 'Andrew Stern', 'Samantha Goodman', 'Bonnie Hunt', 'Don Lake', 'Jennie Lew Tugend', 'Nicholas Pike', 'László Kovács', 'Garth Craven', 'Brent Thomas']"
"$56,943",My Dog Skip,Warner Bros.,"January 14, 2000 (Domestic)",PG,1 hr 35 min,,"A shy boy grows up in 1940s Mississippi with the help of his beloved dog, Skip.","['Frankie Muniz', 'Kevin Bacon', 'Diane Lane', 'Luke Wilson']","['Jay Russell', 'Willie Morris', 'Gail Gilchriest', 'John Lee Hancock', 'Broderick Johnson', 'Mark Johnson', 'Andrew A. Kosove', 'William Ross', 'James L. Carter', 'Harvey Rosenstock', 'Gary Winter', 'David J. Bomba']"
"$6,814,270",The Adventures of Rocky & Bullwinkle,Universal Pictures,"June 30, 2000 (Domestic)",PG,1 hr 32 min,,"When enemies Boris, Natasha, and Fearless Leader escape into the real world with a nefarious scheme, Rocky and Bullwinkle do the same, and team up with a young F.B.I. Agent to stop the trio.","['Robert De Niro', 'Rene Russo', 'Piper Perabo', 'Jason Alexander']","['Des McAnuff', 'Jay Ward', 'Kenneth Lonergan', 'Robert De Niro', 'Jane Rosenthal', 'Mark Mothersbaugh', 'Thomas E. Ackerman', 'Dennis Virkler', 'Gavin Bocquet']"
"$4,961,015",American Psycho,Lionsgate Films,"April 14, 2000 (Domestic)",R,1 hr 42 min,,"A wealthy New York City investment banking executive, Patrick Bateman, hides his alternate psychopathic ego from his co-workers and friends as he delves deeper into his violent, hedonistic fantasies.","['Christian Bale', 'Justin Theroux', 'Josh Lucas', 'Bill Sage']","['Mary Harron', 'Bret Easton Ellis', 'Mary Harron', 'Guinevere Turner', 'Christian Halsey Solomon', 'Chris Hanley', 'Edward R. Pressman', 'John Cale', 'Andrzej Sekula', 'Andrew Marcus', 'Gideon Ponte']"
"$7,237,422",Dungeons & Dragons,New Line Cinema,"December 8, 2000 (Domestic)",PG-13,1 hr 47 min,,"Profion, a tyrant, attempts to overthrow a peaceful kingdom ruled by a tough empress.","['Justin Whalin', 'Jeremy Irons', 'Zoe McLellan', 'Bruce Payne']","['Courtney Solomon', 'Topper Lilien', 'Carroll Cartwright', 'E. Gary Gygax', 'Thomas M. Hammel', 'Kia Jam', 'Courtney Solomon', 'Justin Caine Burnett', 'Douglas Milsome', 'Caroline Ross', 'Bryce Perrin', 'Stephen Rice']"
"$8,721,296",Red Planet,Warner Bros.,"November 10, 2000 (Domestic)",PG-13,1 hr 46 min,,"Astronauts, and their robotic dog AMEE (Autonomous Mapping Evaluation and Evasion), search for solutions to save a dying Earth by searching on Mars, only to have the mission go terribly awry.","['Val Kilmer', 'Carrie-Anne Moss', 'Tom Sizemore', 'Benjamin Bratt']","['Antony Hoffman', 'Chuck Pfarrer', 'Chuck Pfarrer', 'Jonathan Lemkin', 'Bruce Berman', 'Mark Canton', 'Jorge Saralegui', 'Graeme Revell', 'Peter Suschitzky', 'Robert K. Lambert', 'Dallas Puett', 'Owen Paterson']"
"$5,808,919",Wonder Boys,Paramount Pictures,"February 23, 2000 (Domestic)",R,1 hr 47 min,,"An English Professor tries to deal with his wife leaving him, the arrival of his editor who has been waiting for his book for seven years, and the various problems that his friends and associates involve him in.","['Michael Douglas', 'Tobey Maguire', 'Frances McDormand', 'Robert Downey Jr.']","['Curtis Hanson', 'Michael Chabon', 'Steve Kloves', 'Curtis Hanson', 'Scott Rudin', 'Christopher Young', 'Dante Spinotti', 'Dede Allen', 'Jeannine Oppewall']"
"$8,128,356",Reindeer Games,Miramax,"February 25, 2000 (Domestic)",R,1 hr 44 min,,"After assuming his dead cell-mate's identity to get with the other man's girlfriend, an ex-convict finds himself a reluctant participant in a casino heist.","['Ben Affleck', 'Gary Sinise', 'Charlize Theron', 'James Frain']","['John Frankenheimer', 'Ehren Kruger', 'Marty Katz', 'Chris Moore', 'Ruben Samuel Sachs', 'Bob Weinstein', 'Alan Silvestri', 'Alan Caso', 'Antony Gibbs', 'Michael Kahn', 'Barbara Dunphy']"
"$7,954,766",Lost Souls,New Line Cinema,"October 13, 2000 (Domestic)",R,1 hr 37 min,,"A Catholic teacher meets an atheist journalist, whom a group of Catholics and Priests believes has been chosen by the devil to be the Antichrist.","['Winona Ryder', 'Ben Chaplin', 'Sarah Wynter', 'Philip Baker Hall']","['Janusz Kaminski', 'Pierce Gardner', 'Betsy Stahl', 'Pierce Gardner', 'Meg Ryan', 'Nina R. Sadowsky', 'Jan A.P. Kaczmarek', 'Mauro Fiore', 'Anne Goursaud', 'Andrew Mondshein', 'Garreth Stover']"
"$3,880,723",Small Time Crooks,DreamWorks Distribution,"May 19, 2000 (Domestic)",PG,1 hr 34 min,,A loser of a crook and his wife strike it rich when a botched bank job's cover business becomes a spectacular success.,"['Woody Allen', 'Tracey Ullman', 'Hugh Grant', 'Carolyn Saxon']","['Woody Allen', 'Woody Allen', 'Jean Doumanian', 'Fei Zhao', 'Alisa Lepselter', 'Santo Loquasto']"
"$11,548,898",Battlefield Earth,Warner Bros.,"May 12, 2000 (Domestic)",PG-13,1 hr 57 min,,"It's the year 3000 A.D., and the Earth is lost to the alien race of Psychlos. Humanity is enslaved by these gold-thirsty tyrants, who are unaware that their 'man-animals' are about to ignite the rebellion of a lifetime.","['John Travolta', 'Forest Whitaker', 'Barry Pepper', 'Kim Coates']","['Roger Christian', 'Corey Mandell', 'J.D. Shapiro', 'L. Ron Hubbard', 'Jonathan D. Krane', 'Elie Samaha', 'John Travolta', 'Elia Cmiral', 'Giles Nuttgens', 'Robin Russell', 'Patrick Tatopoulos']"
"$7,145,950",Nurse Betty,USA Films,"September 8, 2000 (Domestic)",R,1 hr 50 min,,Comedy about a widow's post-traumatic obsession with a soap star.,"['Renée Zellweger', 'Morgan Freeman', 'Chris Rock', 'Greg Kinnear']","['Neil LaBute', 'John C. Richards', 'John C. Richards', 'James Flamberg', 'Steve Golin', 'Gail Mutrux', 'Rolfe Kent', 'Jean-Yves Escoffier', 'Joel Plotch', 'Steven Weisberg', 'Charles William Breen']"
"$5,742,129",Boiler Room,New Line Cinema,"February 18, 2000 (Domestic)",R,2 hr,,"A college dropout, attempting to live up to his father's high standards, gets a job as a broker for a suburban investment firm which puts him on the fast track to success. But the job might not be as legitimate as it first appeared to be.","['Giovanni Ribisi', 'Vin Diesel', 'Nia Long', 'Nicky Katt']","['Ben Younger', 'Ben Younger', 'Jennifer Todd', 'Suzanne Todd', 'The Angel', 'Enrique Chediak', 'Chris Peppe', 'Anne Stuhler']"
"$5,719,627",The Little Vampire,New Line Cinema,"October 27, 2000 (Domestic)",PG,1 hr 35 min,,"A lonely American boy living in Scotland makes a new best friend, a fellow nine year-old who happens to be a vampire.","['Jonathan Lipnicki', 'Rollo Weeks', 'Richard E. Grant', 'Jim Carter']","['Uli Edel', 'Angela Sommer-Bodenburg', 'Karey Kirkpatrick', 'Larry Wilson', 'Richard Claus', 'Nigel Clarke', 'Michael Csányi-Wills', 'Bernd Heinl', 'Peter R. Adam', 'Joseph C. Nemec III']"
"$8,139,180",Love & Basketball,New Line Cinema,"April 21, 2000 (Domestic)",PG-13,2 hr 4 min,,Monica and Quincy love and play basketball together through many life challenges from childhood to adulthood.,"['Sanaa Lathan', 'Omar Epps', 'Glenndon Chatman', 'Jess Willard']","['Gina Prince-Bythewood', 'Gina Prince-Bythewood', 'Sam Kitt', 'Spike Lee', 'Terence Blanchard', 'Reynaldo Villalobos', 'Terilyn A. Shropshire', 'Jeffrey Howard']"
"$49,837",Cirque du Soleil: Journey of Man,Sony Pictures Classics,"May 5, 2000 (Domestic)",,39 min,Drama Family Fantasy Musical Short,Journey of Man is a celebration of the human spirit that combines the unique artistry and music ofCirque Du Soleil with the power of large format film.,"['Ian McKellen', 'Nicky Dewhurst', 'Brian Dewhurst', 'Ana Karagy']","['Keith Melton', 'Steve Roberts', 'Peter Wagg', 'André Picard', 'Peter Wagg', 'Benoit Jutras', 'Reed Smoot', 'Harry B. Miller III', 'John Zachary']"
"$4,604,621",Center Stage,Sony Pictures Releasing,"May 12, 2000 (Domestic)",PG-13,1 hr 55 min,,A group of teenagers from various backgrounds enroll at the American Ballet Academy in New York to make it as ballet dancers and each one deals with the problems and stress of training and getting ahead in the world of dance.,"['Amanda Schull', 'Ethan Stiefel', 'Sascha Radetsky', 'Christine Dunham']","['Nicholas Hytner', 'Carol Heikkinen', 'Laurence Mark', 'George Fenton', 'Geoffrey Simpson', 'Tariq Anwar', 'David Gropman']"
"$287,452",Saving Grace,Fine Line Features,"August 4, 2000 (Domestic)",R,1 hr 33 min,,"A small-town English widow, facing financial troubles after her husband's suicide, turns to agriculture of an illegal kind.","['Brenda Blethyn', 'Craig Ferguson', 'Martin Clunes', 'Tchéky Karyo']","['Nigel Cole', 'Mark Crowdy', 'Craig Ferguson', 'Mark Crowdy', 'Mark Crowdy', 'Mark Russell', 'John de Borman', 'Alan Strachan', 'Eve Stewart']"
"$7,008,950",Boys and Girls,Dimension Films,"June 16, 2000 (Domestic)",PG-13,1 hr 34 min,,A friendship is put to the ultimate test when two best friends wind up in bed together.,"['Freddie Prinze Jr.', 'Claire Forlani', 'Brendon Ryan Barrett', 'Gay Thomas Wilson']","['Robert Iscove', 'Andrew Lowery', 'Andrew Miller', 'Jay Cohen', 'Lee Gottsegen', 'Murray Schisgal', 'Stewart Copeland', 'Ralf D. Bode', 'Casey O. Rohrs', 'Marcia Hinds']"
"$7,602,507",Down to You,Miramax,"January 21, 2000 (Domestic)",PG-13,1 hr 31 min,,"College students Al and Imogen meet and fall in love, but fear of commitment causes them to go their separate ways.","['Freddie Prinze Jr.', 'Julia Stiles', 'Selma Blair', 'Shawn Hatosy']","['Kris Isacsson', 'Kris Isacsson', 'Jason Kliot', 'Joana Vicente', 'Edmund Choi', 'Robert D. Yeoman', 'Stephen A. Rotter', 'Kevin Thompson']"
"$5,870,387",The Next Best Thing,Paramount Pictures,"March 3, 2000 (Domestic)",PG-13,1 hr 48 min,,"Abbie, tired of failed relationships, has a one-night-stand with her gay friend; they agree to raise the resulting baby together.","['Madonna', 'Rupert Everett', 'Benjamin Bratt', 'Illeana Douglas']","['John Schlesinger', 'Tom Ropelewski', 'Leslie Dixon', 'Linne Radmin', 'Tom Rosenberg', 'Elliot Davis', 'Peter Honess', 'Howard Cummings']"
"$5,012,867",Dr. T & the Women,Artisan Entertainment,"January 25, 2000 (Germany)",R,2 hr 2 min,,A wealthy gynecologist's ideal life is thrown into turmoil when the women closest to him begin to affect his life in unexpecting ways.,"['Richard Gere', 'Helen Hunt', 'Farrah Fawcett', 'Laura Dern']","['Robert Altman', 'Anne Rapp', 'Robert Altman', 'James McLindon', 'Lyle Lovett', 'Jan Kiesser', 'Geraldine Peroni', 'Stephen Altman']"
"$5,363,900",The Contender,DreamWorks Distribution,"October 13, 2000 (Domestic)",R,2 hr 6 min,,"Senator Laine Hanson is a contender for U.S. Vice President, but information and disinformation about her past surfaces that threatens to derail her confirmation.","['Joan Allen', 'Gary Oldman', 'Jeff Bridges', 'Christian Slater']","['Rod Lurie', 'Rod Lurie', 'Willi Bär', 'Marc Frydman', 'James Spies', 'Douglas Urbanski', 'Larry Groupé', 'Denis Maloney', 'Michael Jablow', 'Alec Hammond']"
"$578,141",Michael Jordan to the Max,IMAX,"May 5, 2000 (Domestic)",,46 min,Documentary Sport,"A documentary that follows Michael Jordan's basketball career, stint in baseball, and his last championship season with the Chicago Bulls in 1998.","['Michael Jordan', 'Phil Jackson', 'Doug Collins', 'Bob Greene']","['Don Kempf', 'James D. Stern', 'Jonathan Hock', 'Don Kempf', 'Steve Kempf', 'Estee Portnoy', 'James D. Stern', 'Jonathan A. Corbett', 'John Debney', 'John Bailey', ""Joe D'Alessandro"", 'David Kessler', 'James Neihouse', 'Rodney Taylor', 'Jonathan Hock']"
"$413,436",Best in Show,Warner Bros.,"September 29, 2000 (Domestic)",PG-13,1 hr 30 min,,A behind-the-scenes look into the highly competitive and cut-throat world of dog shows through the eyes of a group of ruthless dog owners.,"['Fred Willard', 'Eugene Levy', ""Catherine O'Hara"", 'Jennifer Coolidge']","['Christopher Guest', 'Christopher Guest', 'Eugene Levy', 'Karen Murphy', 'CJ Vanston', 'Roberto Schaefer', 'Robert Leighton', 'Joseph T. Garrity']"
"$4,154,932",Thomas and the Magic Railroad,Destination Films,"July 26, 2000 (Domestic)",,1 hr 25 min,Adventure Comedy Drama Family Fantasy,"Thomas the Tank Engine searches for gold dust that will allow his magical friend Mr. Conductor to return home, while also helping a girl restore her grandfather's enchanted locomotive.","['Alec Baldwin', 'Cody McMains', 'Russell Means', 'Peter Fonda']","['Britt Allcroft', 'Britt Allcroft', 'Britt Allcroft', 'Wilbert Awdry', 'Britt Allcroft', 'Rick Siggelkow', 'Britt Allcroft', 'Philip D. Fehrle', 'Junior Campbell', 'Hummie Mann', ""Mike O'Donnell"", 'Paul Ryan', 'Mo Henry', 'Ron Wisman', 'Oleg M. Savytski']"
"$6,637,830",Get Carter,Warner Bros.,"October 6, 2000 (Domestic)",R,1 hr 42 min,,A Las Vegas mob enforcer travels back to his hometown to investigate his brother's mysterious death.,"['Sylvester Stallone', 'Rachael Leigh Cook', 'Miranda Richardson', 'Rhona Mitra']","['Stephen Kay', 'Ted Lewis', 'David McKenna', 'Mark Canton', 'Neil Canton', 'Elie Samaha', 'Tyler Bates', 'Mauro Fiore', 'Gerald B. Greenberg', 'Charles Wood']"
"$6,622,518",The Ninth Gate,Artisan Entertainment,"March 10, 2000 (Domestic)",R,2 hr 13 min,,A book broker discovers his latest find may summon Satan.,"['Johnny Depp', 'Frank Langella', 'Lena Olin', 'Emmanuelle Seigner']","['Roman Polanski', 'Arturo Pérez-Reverte', 'John Brownjohn', 'Enrique Urbizu', 'Roman Polanski', 'Roman Polanski', 'Wojciech Kilar', 'Darius Khondji', 'Hervé de Luze', 'Dean Tavoularis']"
"$6,008,611",Loser,Sony Pictures Releasing,"July 21, 2000 (Domestic)",PG-13,1 hr 38 min,,"A college student, branded a loser by his roommates and booted from the dorm, falls in love with a coed who has eyes for their condescending professor.","['Jason Biggs', 'Mena Suvari', 'Zak Orth', 'Thomas Sadoski']","['Amy Heckerling', 'Amy Heckerling', 'Twink Caplan', 'Amy Heckerling', 'David Kitay', 'Rob Hahn', 'Debra Chiate', 'Steven J. Jordan']"
"$1,304,971",All the Pretty Horses,Miramax,"December 25, 2000 (Domestic)",PG-13,1 hr 56 min,,"Two Texas cowboys head to Mexico in search of work, but soon find themselves in trouble with the law after one of them falls in love with a wealthy rancher's daughter.","['Matt Damon', 'Penélope Cruz', 'Henry Thomas', 'Angelina Torres']","['Billy Bob Thornton', 'Cormac McCarthy', 'Ted Tally', 'Robert Salerno', 'Billy Bob Thornton', 'Larry Paxton', 'Marty Stuart', 'Kristin Wilkinson', 'Barry Markowitz', 'Sally Menke', 'Clark Hunter']"
"$249,383",Quills,Fox Searchlight,"November 24, 2000 (Domestic)",R,2 hr 4 min,Biography Drama,"In a Napoleonic era insane asylum, an inmate, the irrepressible Marquis De Sade, fights a battle of wills against a tyrannically prudish doctor.","['Geoffrey Rush', 'Kate Winslet', 'Joaquin Phoenix', 'Michael Caine']","['Philip Kaufman', 'Doug Wright', 'Doug Wright', 'Julia Chasman', 'Peter Kaufman', 'Nick Wechsler', 'Stephen Warbeck', 'Rogier Stoffers', 'Peter Boyle', 'Martin Childs']"
"$278,199",CyberWorld,IMAX,"October 6, 2000 (Domestic)",,44 min,Animation Short,"While our host hunts for destructive computer bugs, various shorts and clips of computer animation are featured.","['Jenna Elfman', 'Matt Frewer', 'Rob Smith', 'David Foley']","['Colin Davies', 'Elaine Despins', 'Hugh Murray', 'Charlie Rubin', 'Steven Hoban', 'Hugh Murray', 'Todd Alcott', 'Mark Smith', 'Steven Hoban', 'Hugh Murray', 'Paul Haslinger', 'Hummie Mann', 'Marc Gabbana']"
"$4,233,304",Digimon: The Movie,Twentieth Century Fox,"October 6, 2000 (Domestic)",PG,1 hr 22 min,,"Throughout three different stories, Kari Kamiya and her friends take on explosive adventures involving digital creatures.","['Lara Jill Miller', 'Joshua Seth', 'Bob Papenbrook', 'David Lodge']","['Bob Buchholz', 'Mamoru Hosoda', 'Jeff Nimoy', 'Shigeyasu Yamauchi', 'Akiyoshi Hongo', 'Jeff Nimoy', 'Bob Buchholz', 'Jeff Nimoy', 'Bob Buchholz', ""Terri-Lei O'Malley"", 'Udi Harpaz', 'Amotz Plessner', 'Shigeru Andô', 'Gary Friedman', 'Douglas Purgason']"
"$70,612",The Dish,Warner Bros.,"October 19, 2000 (Australia)",PG-13,1 hr 41 min,Comedy Drama History,"A remote Australian community, populated by quirky characters, plays a key role in the first Apollo moon landing.","['Sam Neill', 'Billy Mitchell', 'Roz Hammond', 'Christopher-Robin Street']","['Rob Sitch', 'Santo Cilauro', 'Tom Gleisner', 'Jane Kennedy', 'Rob Sitch', 'Santo Cilauro', 'Tom Gleisner', 'Michael Hirsh', 'Jane Kennedy', 'Rob Sitch', 'Edmund Choi', 'Graeme Wood', 'Jill Bilcock', 'Carrie Kennedy']"
"$66,047",Italian for Beginners,Miramax,"December 8, 2000 (Denmark)",R,1 hr 52 min,,Several lonely hearts in a semi-provincial suburb of a town in Denmark use a beginner's course in Italian as the platform to meet the romance of their lives.,"['Anders W. Berthelsen', 'Ann Eleonora Jørgensen', 'Anette Støvelbæk', 'Peter Gantzler']","['Lone Scherfig', 'Maeve Binchy', 'Lone Scherfig', 'Ib Tardini', 'Jørgen Johansson', 'Gerd Tjur']"
"$5,802,229",Drowning Mona,Destination Films,"March 3, 2000 (Domestic)",PG-13,1 hr 36 min,,"When a woman drives a car into the river to her death, everyone in town becomes a suspect.","['Danny DeVito', 'Bette Midler', 'Neve Campbell', 'Jamie Lee Curtis']","['Nick Gomez', 'Peter Steinfeld', 'Al Corley', 'Eugene Musso', 'Bart Rosenblatt', 'Michael Tavera', 'Bruce Douglas Johnson', 'Richard Pearson', 'Richard Toyon']"
"$5,067,331",Highlander: Endgame,Miramax,"September 1, 2000 (Domestic)",R,1 hr 27 min,,"Immortals Connor and Duncan MacLeod must join forces against Kell, an evil immortal who has become too strong for anyone to face alone.","['Christopher Lambert', 'Adrian Paul', 'Bruce Payne', 'Lisa Barbuscia']","['Douglas Aarniokoski', 'Gregory Widen', 'Eric Bernt', 'Gillian Horvath', 'William N. Panzer', 'Joel Soisson', 'Peter S. Davis', 'William N. Panzer', 'Nick Glennie-Smith', 'Stephen Graziano', 'Douglas Milsome', 'Chris Blunden', 'Rod Dean', 'Robert A. Ferretti', 'Tracy Granger', 'Michael N. Knue', 'Donald Paonessa', 'Jonathan A. Carlson', 'Stephen Scott']"
"$5,485,591",Bait,Warner Bros.,"September 15, 2000 (Domestic)",R,1 hr 59 min,,An ex-con is used by police to lure a criminal out of hiding.,"['Jamie Foxx', 'David Morse', 'Robert Pastorelli', 'Doug Hutchison']","['Antoine Fuqua', 'Andrew Scheinman', 'Adam Scheinman', 'Tony Gilroy', 'Sean Ryerson', 'Eddie Berkeley', 'Mark Mancina', 'Tobias A. Schliessler', 'Alan Edward Bell', 'Peter Jamison']"
"$5,778,639",Supernova,Metro-Goldwyn-Mayer (MGM),"January 14, 2000 (Domestic)",PG-13,1 hr 30 min,,A deep space rescue and recovery spaceship with a crew of 6 receives a distress call from a mining operation 3432 light years away. A rescue operation via dimension jump is made. Bad idea.,"['James Spader', 'Peter Facinelli', 'Robin Tunney', 'Angela Bassett']","['Walter Hill', 'Francis Ford Coppola', 'Jack Sholder', 'William Malone', 'Daniel Chuba', 'David C. Wilson', 'Daniel Chuba', 'Jamie Dixon', 'Ash R. Shah', 'David Williams', 'Lloyd Ahern II', 'Melissa Kent', 'Michael Schweitzer', 'Marek Dobrowolski']"
"$62,282",Malena,Miramax,"December 22, 2000 (Domestic)",R,1 hr 48 min,Drama Romance War,"Amidst the war climate, a teenage boy discovering himself becomes love-stricken by Malèna, a sensual woman living in a small, narrow-minded Italian town.","['Monica Bellucci', 'Giuseppe Sulfaro', 'Luciano Federico', 'Matilde Piana']","['Giuseppe Tornatore', 'Giuseppe Tornatore', 'Luciano Vincenzoni', 'Carlo Bernasconi', 'Harvey Weinstein', 'Ennio Morricone', 'Lajos Koltai', 'Massimo Quaglia', 'Francesco Cotone', 'Francesco Frigeri']"
"$2,411,445",I Dreamed of Africa,Sony Pictures Releasing,"May 5, 2000 (Domestic)",PG-13,1 hr 54 min,,"A bored Italian socialite (Kim Basinger) abandons her jet-set lifestyle for the rigors and rewards of rural Kenya in this true story, based on the best-selling memoir by Kuki Gallmann. Directed by Hugh Hudson (Chariots of Fire).","['Kim Basinger', 'Vincent Perez', 'Liam Aiken', 'Garrett Strommen']","['Hugh Hudson', 'Kuki Gallmann', 'Paula Milne', 'Susan Shilliday', 'Stanley R. Jaffe', 'Allyn Stewart', 'Maurice Jarre', 'Bernard Lutic', 'Scott Thomas', 'Andrew Sanders']"
"$3,008,746",What Planet Are You From?,Sony Pictures Releasing,"March 3, 2000 (Domestic)",R,1 hr 45 min,,A human-looking alien from a highly advanced but emotionless all-male society is sent to Earth to impregnate a woman and bring the child back to their planet. The alien ends up falling in love there. A suspicious F.A.A. Agent targets him.,"['Garry Shandling', 'Annette Bening', 'John Goodman', 'Greg Kinnear']","['Mike Nichols', 'Garry Shandling', 'Michael Leeson', 'Garry Shandling', 'Michael Leeson', 'Ed Solomon', 'Peter Tolan', 'Neil A. Machlis', 'Mike Nichols', 'Garry Shandling', 'Carter Burwell', 'Michael Ballhaus', 'Richard Marks', 'Bo Welch']"
"$5,426,390",The Ladies Man,Paramount Pictures,"October 13, 2000 (Domestic)",,1 hr 24 min,Comedy,The Saturday Night Live character gets a big screen treatment.,"['Tim Meadows', 'Karyn Parsons', 'Billy Dee Williams', 'John Witherspoon']","['Reginald Hudlin', 'Tim Meadows', 'Dennis McNicholas', 'Harper Steele', 'Lorne Michaels', 'Marcus Miller', 'Johnny E. Jensen', 'Earl Watson', 'Franco De Cotiis', ""Dean A. O'Dell""]"
,Solarmax,Heliograph Productions,"September 15, 2000 (Domestic)",,40 min,Documentary Short,Solarmax is a 40-minute giant-screen documentary that tells the story of humankind's struggle to understand the sun. The film will take audiences on an incredible voyage from pre-history to the leading edge of today's contemporary solar science.,['Alex Scott'],"['John Weiley', 'John Weiley', 'John Weiley', 'Nigel Westlake', 'Peter Coleman', 'Tom Cowan', 'Robert Eather', 'Peter Hannan', 'Tristan Milani', 'Paul Ree', 'Nicholas Holmes']"
"$4,051,921",The Crew,Walt Disney Studios Motion Pictures,"August 25, 2000 (Domestic)",PG-13,1 hr 28 min,,Four retired mobsters plan one last crime to save their retirement home.,"['Richard Dreyfuss', 'Burt Reynolds', 'Dan Hedaya', 'Seymour Cassel']","['Michael Dinner', 'Barry Fanaro', 'Barry Josephson', 'Barry Sonnenfeld', 'Steve Bartek', 'Juan Ruiz Anchía', 'Nicholas C. Smith', 'Peter S. Larkin']"
"$2,150,979",The Way of the Gun,Artisan Entertainment,"September 8, 2000 (Domestic)",R,1 hr 59 min,,"Two criminal drifters without sympathy get more than they bargained for after kidnapping and holding for ransom the surrogate mother carrying a baby for a powerful, shady man.","['Ryan Phillippe', 'Benicio Del Toro', 'Juliette Lewis', 'Taye Diggs']","['Christopher McQuarrie', 'Christopher McQuarrie', 'Kenneth Kokin', 'Joe Kraemer', 'Dick Pope', 'Stephen Semel', 'Maia Javan']"
"$113,280",In the Mood for Love,USA Films,"September 29, 2000 (South Korea)",PG,1 hr 38 min,Drama Romance,"Two neighbors form a strong bond after both suspect extramarital activities of their spouses. However, they agree to keep their bond platonic so as not to commit similar wrongs.","['Tony Leung Chiu-wai', 'Maggie Cheung', 'Siu Ping-Lam', ""Tung Cho 'Joe' Cheung""]","['Kar-Wai Wong', 'Kar-Wai Wong', 'Kar-Wai Wong', 'Michael Galasso', 'Shigeru Umebayashi', 'Christopher Doyle', 'Pun-Leung Kwan', 'Ping Bin Lee', 'William Chang', 'William Chang']"
"$2,321,729",Gossip,Warner Bros.,"April 21, 2000 (Domestic)",R,1 hr 30 min,,"Three college students base their class project around gossip and how fast it spreads, which soon spirals out of control.","['James Marsden', 'Lena Headey', 'Norman Reedus', 'Kate Hudson']","['Davis Guggenheim', 'Gregory Poirier', 'Gregory Poirier', 'Theresa Rebeck', 'Robert F. Newmyer', 'Jeffrey Silver', 'Graeme Revell', 'Andrzej Bartkowiak', 'Jay Cassidy', 'David Nichols']"
"$5,257,778",Ready to Rumble,Warner Bros.,"April 7, 2000 (Domestic)",PG-13,1 hr 47 min,,Two slacker wrestling fans are devastated by the ousting of their favorite character by an unscrupulous promoter.,"['David Arquette', 'Oliver Platt', 'Scott Caan', 'Bill Goldberg']","['Brian Robbins', 'Steven Brill', 'Robert F. Newmyer', 'Jeffrey Silver', 'George S. Clinton', 'Clark Mathis', 'Ned Bastille', 'Cindy Mollo', 'Jaymes Hinkle']"
"$3,845,278",Drunken Master II,Miramax,"October 20, 2000 (Domestic)",R,1 hr 42 min,,A young martial artist is caught between respecting his pacifist father's wishes or stopping a group of disrespectful foreigners from stealing precious artifacts.,"['Jackie Chan', 'Ho-Sung Pak', 'Lung Ti', 'Anita Mui']","['Chia-Liang Liu', 'Jackie Chan', 'Edward Tang', 'Man-Ming Tong', 'Kai-Chi Yuen', 'Rod Dean', 'Edward Tang', 'Eric Tsang', 'Wai Lap Wu', 'Tony Cheung', 'Yiu-Tsou Cheung', 'Wen-Yun Huang', 'Jingle Ma', 'Peter Cheung', 'Chong-Sing Ho', 'Eddie Ma']"
"$118,170",You Can Count on Me,Paramount Classics,"November 10, 2000 (Domestic)",R,1 hr 51 min,Drama,"A single mother's life is thrown into turmoil after her struggling, rarely seen younger brother returns to town.","['Laura Linney', 'Matthew Broderick', 'Amy Ryan', 'Michael Countryman']","['Kenneth Lonergan', 'Kenneth Lonergan', 'Barbara De Fina', 'John Hart', 'Larry Meistrich', 'Jeffrey Sharp', 'Lesley Barber', 'Stephen Kazmierski', 'Anne McCabe', 'Michael Shaw']"
"$150,171",Shadow of the Vampire,Lionsgate Films,"December 29, 2000 (Domestic)",R,1 hr 32 min,Drama Horror,The filming of Nosferatu is hampered by the fact that its star Max Schreck is taking the role of a vampire far more seriously than seems humanly possible.,"['John Malkovich', 'Willem Dafoe', 'Udo Kier', 'Cary Elwes']","['E. Elias Merhige', 'Steven Katz', 'Nicolas Cage', 'Jeff Levine', 'Dan Jones', 'Lou Bogue', 'Chris Wyatt', 'Assheton Gorton']"
"$4,536,625",Lucky Numbers,Paramount Pictures,"October 27, 2000 (Domestic)",R,1 hr 45 min,,A television weatherman scams a local lottery.,"['John Travolta', 'Lisa Kudrow', 'Tim Roth', ""Ed O'Neill""]","['Nora Ephron', 'Adam Resnick', 'Sean Daniel', 'Nora Ephron', 'Jonathan D. Krane', 'Andrew Lazar', 'George Fenton', 'John Lindley', 'Barry Malkin', 'Dan Davis']"
"$4,510,705",Here on Earth,Twentieth Century Fox,"March 24, 2000 (Domestic)",PG-13,1 hr 36 min,,A rich college kid is taught a lesson after a joy ride ends up destroying a country restaurant.,"['Chris Klein', 'Leelee Sobieski', 'Josh Hartnett', 'Michael Rooker']","['Mark Piznarski', 'Michael Seitzman', 'David T. Friendly', 'Andrea Morricone', ""Michael D. O'Shea"", 'Robert Frazen', 'Dina Lipton']"
"$44,244",Pollock,Sony Pictures Classics,"December 15, 2000 (Domestic)",R,2 hr 2 min,Biography Drama,"A film about the life and career of the American painter, Jackson Pollock.","['Ed Harris', 'Marcia Gay Harden', 'Robert Knott', 'Molly Regan']","['Ed Harris', 'Steven Naifeh', 'Gregory White Smith', 'Barbara Turner', 'Susan Emshwiller', 'Fred Berner', 'Ed Harris', 'Jon Kilik', 'James Francis Trezza', 'Jeff Beal', 'Lisa Rinzler', 'Kathryn Himoff', 'Mark Friedberg']"
"$5,725",Anatomy,Sony Pictures Releasing,"February 3, 2000 (Germany)",R,1 hr 43 min,Horror Thriller,A cute med student starts a summer course at Heidelberg University. David's on her dissection table. She met him the day before on the train. Something's wrong.,"['Franka Potente', 'Benno Fürmann', 'Anna Loos', 'Sebastian Blomberg']","['Stefan Ruzowitzky', 'Peter Engelmann', 'Stefan Ruzowitzky', 'Jakob Claussen', 'Andrea Willson', 'Thomas Wöbke', 'Marius Ruhland', 'Peter von Haller', 'Ueli Christen', 'Ingrid Henn']"
"$235,122",The Virgin Suicides,Paramount Classics,"April 21, 2000 (Domestic)",R,1 hr 37 min,,"A group of male friends become obsessed with five mysterious sisters who are sheltered by their strict, religious parents in suburban Detroit in the mid 1970s.","['Kirsten Dunst', 'Josh Hartnett', 'James Woods', 'Kathleen Turner']","['Sofia Coppola', 'Jeffrey Eugenides', 'Sofia Coppola', 'Francis Ford Coppola', 'Julie Costanzo', 'Dan Halsted', 'Chris Hanley', 'Air', 'Edward Lachman', 'Melissa Kent', 'James Lyons', 'Jasna Stefanovic']"
"$2,008,191",Woman on Top,Fox Searchlight,"September 22, 2000 (Domestic)",R,1 hr 32 min,,"After being cheated on by an insecure man, Brazilian chef Isabella Oliveira moves to San Francisco and finds success as the host of a cooking show.","['Penélope Cruz', 'Murilo Benício', 'Harold Perrineau', 'Mark Feuerstein']","['Fina Torres', 'Vera Blasi', 'Augusto Casé', 'Alan Poul', 'Luis Bacalov', 'Thierry Arbogast', 'Leslie Jones', 'Philippe Chiffre']"
"$4,407,720",Godzilla 2000,Sony Pictures Releasing,"August 18, 2000 (Domestic)",PG,1 hr 39 min,,An independent group of researchers actively track Godzilla as a giant meteor is discovered. The mysterious rock begins to levitate as its true intentions for the world and Godzilla are revealed.,"['Takehiro Murata', 'Hiroshi Abe', 'Naomi Nishida', 'Mayu Suzuki']","['Takao Okawara', 'Hiroshi Kashiwabara', 'Wataru Mimura', 'Takao Okawara', 'Michael Schlesinger', 'Takayuki Hattori', 'Yûdai Katô', 'Yoshiyuki Okuhara', 'Takeshi Shimizu']"
"$4,104,298",Whatever It Takes,Sony Pictures Releasing,"March 24, 2000 (Domestic)",PG-13,1 hr 34 min,,A modern-day remake of the Cyrano DeBergerac tale.,"['Shane West', 'Marla Sokoloff', ""Jodi Lyn O'Keefe"", 'Manu Intiraymi']","['David Raynr', 'Mark Schwahn', 'Paul Schiff', 'Edward Shearmur', 'Tim Suhrstedt', 'Ronald Roose', 'Edward T. McAvoy']"
"$3,684,704",3 Strikes,Metro-Goldwyn-Mayer (MGM),"March 1, 2000 (Domestic)",,1 hr 22 min,Comedy,"Rob has 2 strikes and 3 strikes now means 25 to life. Leaving prison, he's picked up in a stolen car later stopped by the police. Can he prove his innocence before he's caught?","['Brian Hooks', ""N'Bushe Wright"", 'Faizon Love', 'E-40']","['DJ Pooh', 'DJ Pooh', 'Marcus Morton', 'John Simmons', 'John Carter', 'Charles Ireland', 'Dirk Westervelt', 'Thomas Fichter']"
"$32,933",Bread and Tulips,First Look International,"December 21, 2000 (Germany)",PG-13,1 hr 54 min,Comedy Romance,"After being forgotten in a highway café during a bus trip, a housewife decides to start a new life by herself in Venice.","['Licia Maglietta', 'Bruno Ganz', 'Giuseppe Battiston', 'Antonio Catania']","['Silvio Soldini', 'Silvio Soldini', 'Doriana Leondeff', 'Silvio Soldini', 'Doriana Leondeff', 'Daniele Maggioni', 'Giovanni Venosta', 'Luca Bigazzi', 'Carlotta Cristiani', 'Paola Bizzarri']"
"$166,344",Ghost Dog: The Way of the Samurai,Artisan Entertainment,"March 3, 2000 (Domestic)",R,1 hr 56 min,Crime Drama,An African-American Mafia hit man who models himself after the samurai of old finds himself targeted for death by the mob.,"['Forest Whitaker', 'Henry Silva', 'John Tormey', 'Cliff Gorman']","['Jim Jarmusch', 'Jim Jarmusch', 'Richard Guay', 'Jim Jarmusch', 'RZA', 'Robby Müller', 'Jay Rabinowitz', 'Ted Berner']"
"$580,163",State and Main,Fine Line Features,"December 22, 2000 (Domestic)",R,1 hr 45 min,Comedy Drama,A movie crew invades a small town whose residents are all too ready to give up their values for showbiz glitz.,"['Philip Seymour Hoffman', 'William H. Macy', 'Rebecca Pidgeon', 'Michael Higgins']","['David Mamet', 'David Mamet', 'Sarah Green', 'Theodore Shapiro', 'Oliver Stapleton', 'Barbara Tulliver', 'Gemma Jackson']"
"$85,230",Before Night Falls,Fine Line Features,"December 22, 2000 (Domestic)",R,2 hr 13 min,Biography Drama Romance,"The life of Cuban poet and novelist, Reinaldo Arenas.","['Javier Bardem', 'Johnny Depp', 'Olatz López Garmendia', 'Giovani Florido']","['Julian Schnabel', ""Cunningham O'Keefe"", 'Lázaro Gómez Carriles', 'Julian Schnabel', 'Reynaldo Arenas', 'Jana Bokova', 'Jon Kilik', 'Carter Burwell', 'Xavier Grobet', 'Guillermo Rosas', 'Michael Berenbaum', 'Salvador Parra']"
,Butterfly,Miramax,"June 16, 2000 (Domestic)",R,1 hr 36 min,Drama War,"Based in 1936 Spain, Moncho is an outcast at school but is able to form a strong bond with his outspoken teacher. When fascism arrives to Spain, his teacher is considered an enemy of the regime & arrested.","['Manuel Lozano', 'Fernando Fernán Gómez', 'Uxía Blanco', 'Gonzalo Uriarte']","['José Luis Cuerda', 'Rafael Azcona', 'Manuel Rivas', 'Alejandro Amenábar', 'Javier Salmones', 'Nacho Ruiz Capillas']"
,Ants in the Pants,,"March 30, 2000 (Germany)",,1 hr 35 min,Comedy Fantasy Romance,"A late bloomer, 15-year-old Flo experiences his sexual awakening, relentlessly targeting his gorgeous classmate Leonie. Flos friends eagerly try to help him out. The only problem may be Leonie's boyfriend.","['Tobias Schenke', 'Axel Stein', 'Luise Helm', 'Mina Tander']","['Marc Rothemund', 'Granz Henman', 'Alberto Moravia', 'Bernd Eichinger', 'Johnny Klimek', 'Xaver von Treyer', 'Hans-Günther Bücking', 'Sandy Saffeels']"
"$64,770",Requiem for a Dream,Artisan Entertainment,"October 6, 2000 (Domestic)",R,1 hr 42 min,Drama,The drug-induced utopias of four Coney Island people are shattered when their addictions run deep..,"['Ellen Burstyn', 'Jared Leto', 'Jennifer Connelly', 'Marlon Wayans']","['Darren Aronofsky', 'Hubert Selby Jr.', 'Hubert Selby Jr.', 'Darren Aronofsky', 'Eric Watson', 'Palmer West', 'Clint Mansell', 'Matthew Libatique', 'Jay Rabinowitz', 'James Chinlund']"
"$2,513,530",Where the Money Is,USA Films,"April 14, 2000 (Domestic)",PG-13,1 hr 29 min,,"Old bank robber Henry, paralyzed from a stroke, is moved from a prison hospital to a retirement home, where Carol is a nurse. She doesn't believe he's paralyzed and sees him as a way out of her boring life.","['Paul Newman', 'Linda Fiorentino', 'Dermot Mulroney', 'Susan Barnes']","['Marek Kanievska', 'E. Max Frye', 'E. Max Frye', 'Topper Lilien', 'Carroll Cartwright', 'Chris Dorr', 'Ridley Scott', 'Charles Weinstock', 'Chris Zarpas', 'Mark Isham', 'Thomas Burstyn', 'Garth Craven', 'Samuel Craven', 'Dan Lebental', 'André Chamberland']"
"$3,342,085",Screwed,Universal Pictures,"May 12, 2000 (Domestic)",PG-13,1 hr 21 min,,"A chauffeur kidnaps his rich boss's dog to hold it for ransom, but when she accidentally gets the dog back, she thinks that it's the chauffeur who's been kidnapped.","['Norm MacDonald', 'Dave Chappelle', 'Elaine Stritch', 'Danny DeVito']","['Scott Alexander', 'Larry Karaszewski', 'Scott Alexander', 'Larry Karaszewski', 'Robert Simonds', 'Michel Colombier', 'Robert Brinkmann', 'Michael Jablow', 'Mark S. Freeborn']"
"$31,702",Widow of St. Pierre,Lionsgate Films,"October 12, 2000 (Australia)",R,1 hr 52 min,Drama History Romance,"In a small French colony, a drunken man kills someone. While a guillotine is being shipped in, he changes, becoming a good and popular man.","['Juliette Binoche', 'Daniel Auteuil', 'Emir Kusturica', 'Michel Duchaussoy']","['Patrice Leconte', 'Claude Faraldo', 'Patrice Leconte', 'Frédéric Brillion', 'Gilles Legrand', 'Pascal Estève', 'Eduardo Serra', 'Joëlle Hache', 'Ivan Maussion']"
"$63,472",Croupier,TSG,"April 21, 2000 (Domestic)",,1 hr 34 min,Crime Drama,"An aspiring writer is hired as a croupier at a casino, where he realizes that his life as a croupier would make a great novel.","['Clive Owen', 'Nick Reding', 'Nicholas Ball', 'Alexander Morton']","['Mike Hodges', 'Paul Mayersberg', 'Jonathan Cavendish', 'Simon Fisher-Turner', 'Michael Garfath', 'Les Healey', 'Jon Bunker']"
"$2,002,588",Duets,Walt Disney Studios Motion Pictures,"September 15, 2000 (Domestic)",R,1 hr 52 min,,"A professional karaoke hustler reconnects with his daughter and a bored suburban businessman turns outlaw karaoke singer, among other plotlines.","['Huey Lewis', 'Gwyneth Paltrow', 'Paul Giamatti', 'Andre Braugher']","['Bruce Paltrow', 'John Byrum', 'John Byrum', 'Kevin Jones', 'Bruce Paltrow', 'David Newman', 'Paul Sarossy', 'Gerald B. Greenberg', 'Sharon Seymour']"
,Now or Never,,"December 14, 2000 (Germany)",,1 hr 35 min,Comedy Crime Thriller,"Three elderly ladies, Carla, Lilli and Meta, who, after their hard earned holiday money is stolen by bank robbers, decide to steal from their local bank. Along the way their are romances, arguments and a few other unexpected surprises.","['Gudrun Okras', 'Christel Peters', 'Elisabeth Scherer', 'Christoph Beis']","['Lars Büchel', 'Lars Büchel', 'Ruth Toma', 'Helga Bähr', 'Til Schweiger', 'Gerhard von Halem', 'Ralf Zimmermann', 'Max Berghaus', 'Stefan Hansen', 'Dirk Reichardt', 'Judith Kaufmann', 'Bettina Vogelsang', 'Silke Buhr']"
"$2,212,535",Black & White,Sony Pictures Releasing,"April 7, 2000 (Domestic)",R,1 hr 38 min,,A group of white high school teens become involved with Harlem's black hip-hop crowd.,"['Ben Stiller', 'Allan Houston', 'Claudia Schiffer', 'Scott Caan']","['James Toback', 'James Toback', 'Daniel Bigel', 'Michael Mailer', 'Ron Rotholz', 'American Cream Team', ""Oliver 'Power' Grant"", 'David M. Ferrara', 'Myron Kerstein', 'Anne Ross']"
"$1,505,551",The in Crowd,Warner Bros.,"July 21, 2000 (Domestic)",PG-13,1 hr 45 min,,"A mentally disturbed young woman takes a job at a posh country club and falls in with a clique of wealthy college kids where she's taken under the wing of the clique's twisted leader, who harbors some dark secrets too terrifying to tell.","['Lori Heuring', 'Susan Ward', 'Matthew Settle', 'Nathan Bexton']","['Mary Lambert', 'Mark Gibson', 'Philip Halprin', 'James G. Robinson', 'Jeff Rona', 'Tom Priestley Jr.', 'Pasquale Buba', 'John D. Kretschmer']"
"$48,770",The House of Mirth,Sony Pictures Classics,"December 22, 2000 (Domestic)",PG,2 hr 15 min,Drama Romance,A woman risks losing her chance of happiness with the only man she has ever loved.,"['Gillian Anderson', 'Dan Aykroyd', 'Eleanor Bron', 'Terry Kinney']","['Terence Davies', 'Edith Wharton', 'Terence Davies', 'Olivia Stewart', 'Remi Adefarasin', 'Michael Parker', 'Don Taylor']"
,Otto - Der Katastrofenfilm,,"March 23, 2000 (Germany)",,1 hr 32 min,Comedy,"Otto has been a foundling and always dreamed about becoming a sailor on the ""Queen Henry"", because his adoptive grandfather suggested he has been captain there. When Otto finally gets aboard some catastrophes lie ahead..","['Otto Waalkes', 'Reiner Schöne', 'Eva Haßmann', 'Steffen Münster']","['Edzard Onneken', 'Bernd Eilert', 'Michel Bergmann', 'Otto Waalkes', 'Horst Wendlandt', 'Darius Zahir', 'Hagen Bogdanski', 'Sabine Brose', 'Rolf Zehetbauer']"
"$2,181,379",Whipped,Destination Films,"September 1, 2000 (Domestic)",R,1 hr 22 min,,"Three egotistical swingers, who think they're God's gift to women, end up having their friendships tested when all three of them pick up and start dating the same woman.","['Amanda Peet', 'Brian Van Holt', 'Jonathan Abrahams', 'Zorie Barber']","['Peter M. Cohen', 'Peter M. Cohen', 'Peter M. Cohen', 'Michael Montes', 'Peter B. Kowalski', 'Tom McArdle', 'Katherine M. Szilagyi']"
"$1,911,007",Held Up,Trimark Pictures,"May 12, 2000 (Domestic)",PG-13,1 hr 29 min,Comedy,What should have been a romantic getaway turns into one hilarious debacle after another when Michael's woman dumps him in the desert where he gets carjacked by a teenager and he is taken hostage in a stickup at the local Sip and Zip.,"['Jamie Foxx', 'Nia Long', 'Barry Corbin', 'John Cullum']","['Steve Rash', 'Jeff Eastin', 'Erik Fleming', 'Jeff Eastin', 'Greg Richards', 'Stokely Chaffin', 'Jonathon Komack Martin', 'Neal H. Moritz', 'Robert Folk', 'David A. Makin', 'Jonathan Chibnall', 'Rick Roberts']"
,The Jungle Book,Walt Disney Studios Motion Pictures,"October 18, 1967 (Domestic)",G,1 hr 18 min,Adventure Animation Comedy Family Musical,Bagheera the Panther and Baloo the Bear have a difficult time trying to convince a boy to leave the jungle for human civilization.,"['Phil Harris', 'Sebastian Cabot', 'Louis Prima', 'Bruce Reitherman']","['Wolfgang Reitherman', 'Larry Clemmons', 'Ralph Wright', 'Ken Anderson', 'Vance Gerry', 'Rudyard Kipling', 'Bill Peet', 'George Bruns', 'Tom Acosta', 'Norman Carlisle']"
"$91,791",The Tao of Steve,Sony Pictures Classics,"August 4, 2000 (Domestic)",R,1 hr 27 min,Comedy Drama Romance,"Underachieving, overweight kindergarten teacher Dex finds a woman who forces him to reexamine his Zen-like system of seduction.","['Donal Logue', 'Ayelet Kaznelson', 'John Hines', 'John Harrington Bland']","['Jenniphr Goodman', 'Duncan North', 'Greer Goodman', 'Jenniphr Goodman', 'Duncan North', 'Duncan North', 'Anthony Bregman', 'Joe Delia', 'Teodoro Maniaci', 'Sarah Gartner', 'Rosario Provenza']"
"$570,000",Mohabbatein,Yash Raj Films,"October 27, 2000 (Domestic)",,3 hr 36 min,Drama Musical Romance,"A film about the battle between love and fear, between two stubborn men and their opposing beliefs and the outcome of the love stories of 3 couples.","['Amitabh Bachchan', 'Shah Rukh Khan', 'Uday Chopra', 'Jugal Hansraj']","['Aditya Chopra', 'Aditya Chopra', 'Aditya Chopra', 'Aditya Chopra', 'Aditya Chopra', 'Yash Chopra', 'Jatin Pandit', 'Lalit Pandit', 'Manmohan Singh', 'V.V. Karnik', 'Taranjiet Singh Namdhari', 'Sartaj Singh']"
"$53,569",East Is East,Miramax,"April 14, 2000 (Domestic)",,1 hr 36 min,Comedy Drama,"In early 1970s England, a Pakistani father finds the authority he has previously maintained challenged by his increasingly Anglicized children.","['Om Puri', 'Linda Bassett', 'Jordan Routledge', 'Archie Panjabi']","[""Damien O'Donnell"", 'Ayub Khan-Din', 'Ayub Khan-Din', 'Leslee Udwin', 'Deborah Mollison', 'Brian Tufano', 'Michael Parker', 'Tom Conroy']"
,Bossa Nova,Sony Pictures Releasing,"April 28, 2000 (Domestic)",R,1 hr 35 min,Comedy Drama Romance,A separated attorney in Rio sees an English teaching American widow and tries to woo her.,"['Amy Irving', 'Antônio Fagundes', 'Alexandre Borges', 'Débora Bloch']","['Bruno Barreto', 'Alexandre Machado', ""Sérgio Sant'Anna"", 'Fernanda Young', 'Lucy Barreto', 'Luiz Carlos Barreto', 'Eumir Deodato', 'Pascal Rabaud', 'Ray Hubley', 'Cassio Amarante']"
,Erkan & Stefan,,"April 27, 2000 (Germany)",,1 hr 27 min,Comedy,"Editor Eckernförde has come into the possession of an audiocassette that contains a recording of the last minutes of deceased politician Uwe Barschel. The circumstances of his untimely death have never been completely resolved - until now. Unfortunately, the editor's daughter Nina accidentally takes the tape with her to Munich, where she is about to visit her paralyzed Mom in a sanatorium. When this information reaches the CIA and the BND, both organizations compete to get hold of the tape. Meanwhile Erkan & Stefan, two loveable wannabe supercheckers from Munich, are assigned as bodyguards for Nina - of course, they are expected to mess up their job, so that the tape can be retrieved. But the two friends prove to be a bit more streetwise than CIA or BND ever expected.","['John Friedmann', 'Florian Simbeck', 'Alexandra Neldel', 'Manfred Zapatka']","['Michael Herbig', 'Günter Knarr', 'Philipp Weinges', 'Mischa Hofmann', 'Philip Voges', 'Ralf Wengenmayr', 'Stephan Schuh', 'Alexander Dittner', 'Ari Hantke']"
,Pettson & Findus - Katten och gubbens år,,"January 4, 2000 (Germany)",,1 hr 15 min,Adventure Animation Family,Pettson and Findus remember their adventures while waiting for the storm to pass.,"['Tommy Karlsen', 'Kalle Lundberg', 'Tord Peterson', 'Mona Seilitz']","['Albert Hanan Kaminski', 'Torbjörn Jansson', 'Sven Nordqvist', 'Piodor Gustafsson', 'Ulf Synnerholm', 'Peter Völkle', 'Olivier Lliboutry', 'Lennart Olsson', 'Jochen Schmidt-Hambrock']"
"$80,957",The Big Kahuna,Lionsgate Films,"April 28, 2000 (Domestic)",R,1 hr 30 min,,"Two veteran salesmen dissect a sales pitch to a particular client, through their young protégé.","['Kevin Spacey', 'Danny DeVito', 'Peter Facinelli', 'Paul Dawson']","['John Swanbeck', 'Roger Rueff', 'Roger Rueff', 'Elie Samaha', 'Kevin Spacey', 'Andrew Stevens', 'Christopher Young', 'Anastas N. Michos', 'Peggy Davis', 'Kalina Ivanov']"
"$1,611,833",Price of Glory,New Line Cinema,"March 31, 2000 (Domestic)",PG-13,1 hr 58 min,,"A father whose boxing career was derailed channels his love of the sport into coaching his three sons - but when an outside manager offers to take over, the family threatens to split in this hard-hitting drama.","['Jimmy Smits', 'Maria del Mar', 'Jon Seda', 'Clifton Collins Jr.']","['Carlos Avila', 'Phil Berger', 'Moctesuma Esparza', 'Arthur Friedman', 'Robert Katz', 'Joseph Julián González', 'Affonso Beato', 'Gary Karr', 'Robb Wilson King']"
"$703,109",Gun Shy,Walt Disney Studios Motion Pictures,"February 4, 2000 (Domestic)",R,1 hr 41 min,,An undercover agent relies on the support of an unstable therapy group while working a sting operation.,"['Liam Neeson', 'Sandra Bullock', 'Oliver Platt', 'José Zúñiga']","['Eric Blakeney', 'Eric Blakeney', 'Sandra Bullock', 'Rolfe Kent', 'Tom Richmond', 'Pamela Martin', 'Maher Ahmad']"
"$1,409,433",Beautiful,Destination Films,"September 29, 2000 (Domestic)",PG-13,1 hr 52 min,,"Mona sacrifices everything, including family, in pursuit of a beauty pageant victory. Her friend Ruby helps her to an amazing degree.","['Minnie Driver', 'Hallie Eisenberg', 'Joey Lauren Adams', 'Kathleen Turner']","['Sally Field', 'Jon Bernstein', 'John Bertolli', 'B.J. Rack', 'John Frizzell', 'Robert D. Yeoman', 'Debra Neil-Fisher', 'Charles William Breen']"
"$1,368,705",Isn't She Great,Universal Pictures,"January 28, 2000 (Domestic)",R,1 hr 35 min,,"Bette Midler and Nathan Lane star in this comedy about Jacqueline Susann, the ambitious woman of dubious talent who wrote Valley of the Dolls, a best-selling novel that became a sensation.","['Bette Midler', 'Nathan Lane', 'Stockard Channing', 'David Hyde Pierce']","['Andrew Bergman', 'Michael Korda', 'Paul Rudnick', 'Mike Lobell', 'Burt Bacharach', 'Karl Walter Lindenlaub', 'Barry Malkin', 'Stuart Wurtzel']"
,No More School,,"December 7, 2000 (Germany)",,1 hr 39 min,Comedy Drama,"The last weeks of school have begun; before graduation, the boys catch their last chance to really have fun with friends and all the girls. From the life of a group of school pupils in a small town- the last days before real life begins","['Daniel Brühl', 'Jasmin Schwiers', 'Niels-Bruno Schmidt', 'Mina Tander']","['Marco Petry', 'Marco Petry', 'Stefan Wood', 'Martin Moszkowicz', 'Uschi Reich', 'Axel Block', 'Barbara von Weitershausen', 'Ingrid Henn']"
,Flickering Lights,,"November 3, 2000 (Denmark)",,1 hr 49 min,Action Comedy Crime,"A gang of 4 Danish criminals are ordered by Færingen to steal a bag from a safe. When they see DKK4,000,000 in the bag, they keep it for themselves and head for Spain. They end up in a ruin of an old restaurant on Jutland and renovate it.","['Søren Pilmark', 'Ulrich Thomsen', 'Mads Mikkelsen', 'Nikolaj Lie Kaas']","['Anders Thomas Jensen', 'Anders Thomas Jensen', 'Kim Magnusson', 'Tivi Magnusson', 'Bent Fabricius-Bjerre', 'Jeppe Kaas', 'Eric Kress', 'Anders Villadsen', 'Søren Breum']"
,The Color of Paradise,Sony Pictures Classics,"March 31, 2000 (Domestic)",PG,1 hr 30 min,Drama Family,"The story of Mohammed, a blind Iranian boy and his father, Hashem, who is always oscillating between accepting his son as he is and abandoning him, as he represents a burden for him, after the loss of his wife.","['Hossein Mahjoub', 'Mohsen Ramezani', 'Salameh Feyzi', 'Farahnaz Safari']","['Majid Majidi', 'Majid Majidi', 'Ali Ghaemmaghami', 'Mehdi Karimi', 'Mehdi Mahabadi', 'Mohsen Sarab', 'Kayvan Jahanshahi', 'Alireza Kohan Deyri', 'Mohammad Davudi', 'Hassan Hassandoost', 'Masoud Madadi', 'Asghar Nezhadimani']"
,God's Army,Zion Films,"March 10, 2000 (Domestic)",PG,1 hr 48 min,Drama,"Life as a Mormon missionary isn't what 19-year-old Brandon Allen expected: so many rules and so few successes. Los Angeles is as unrepentant as Sodom and Gomorrah. He's forced to share a small apartment with five young prank-loving missionaries and, to top it off, his first companion, 29-year-old Marcus Dalton, proves to be a harsh mentor. After only one day as a missionary, Allen is ready to hang up his necktie and go home. His point-of-view changes, however, as he begins to see the struggles and sacrifices that the other missionaries endure: Dalton, he soon learns, is fighting a losing battle with cancer. Banks, an African-American missionary, was disowned by his family when he joined the Mormon church. Kinegar, a fifth-generation Latter-Day Saint, finds himself doubting under the intellectual attacks of anti-Mormons. Working and living with these young men, Allen becomes a part of the drama occurring under the everyday surface of missionary life. After only a few intense days, Allen finds faith he didn't know he had, and courage he didn't know he lacked. He learns that the time has come to put away childish things, and to become more than just a man--to become a man of God.","['Matthew A. Brown', 'Richard Dutcher', 'Jacque Gray', 'Jeffrey Scott Kelly']","['Richard Dutcher', 'Richard Dutcher', 'Richard Dutcher', 'Miriam Cutler', 'Ken Glassing', 'Michael Chaskes']"
"$60,410",But I'm a Cheerleader,Lionsgate Films,"July 7, 2000 (Domestic)",R,1 hr 25 min,Comedy Drama Romance,A naive teenager is sent to rehab camp when her straitlaced parents and friends suspect her of being a lesbian.,"['Natasha Lyonne', 'Clea DuVall', 'Michelle Williams', 'Brandt Wille']","['Jamie Babbit', 'Brian Peterson', 'Jamie Babbit', 'Leanna Creel', 'Andrea Sperling', 'Pat Irwin', 'Jules Labarthe', 'Cecily Rhett', 'Rachel Kamerman']"
"$190,720",Bamboozled,New Line Cinema,"October 6, 2000 (Domestic)",R,2 hr 15 min,Comedy Drama Music,"A frustrated African-American TV writer proposes a blackface minstrel show in protest, but to his chagrin, it becomes a hit.","['Damon Wayans', 'Savion Glover', 'Jada Pinkett Smith', 'Michael Rapaport']","['Spike Lee', 'Spike Lee', 'Jon Kilik', 'Spike Lee', 'Terence Blanchard', 'Ellen Kuras', 'Sam Pollard', 'Victor Kempster']"
"$56,147",East/West,Sony Pictures Classics,"April 7, 2000 (Domestic)",PG-13,2 hr 1 min,Adventure Drama History Romance,"In June 1946, Stalin invites the Russian exiled from the 1917 Revolution to return home. When the ships comes ashore in Odessa, the passengers are divided in two groups and one of them is executed. Among the survivors are Dr. Aleksei Golovin, his French wife Marie and their young son. Marie is accused to be a spy, her French passport is torn up and Aleksei accepts to move to Kyiv with his family to save her. They are sent to a room in a communal house and soon Marie befriends the super, an old woman who speaks French. But she is denounced and killed by the government agents. Marie feels guilty and brings her grandson Sasha Vasilyev, who will be evicted, to live in her room with her family. Marie wants to return to her family in France, but Aleksei explains that they are imprisoned in Russia. Marie tries a contact with the leftist French actress Gabrielle Develay to ask for help to leave the USSR. While Marie gets distant from her husband, she gets closer to Sacha, who is a great swimmer and the only chance to Marie contact her family.","['Oleg Menshikov', 'Sandrine Bonnaire', 'Catherine Deneuve', 'Sergey Bodrov']","['Régis Wargnier', 'Rustam Ibragimbekov', 'Sergei Bodrov', 'Louis Gardel', 'Régis Wargnier', 'Patrick Doyle', 'Laurent Dailland', 'Hervé Schneid', 'Aleksey Levchenko', 'Vladimir Svetozarov']"
"$40,125",Shower,Sony Pictures Releasing,"July 7, 2000 (Domestic)",PG-13,1 hr 32 min,Comedy Drama,"A young wealthy businessman's icy attitude toward his working-class background is about to thaw as he is forced to reconnect with his elderly father and mentally challenged younger brother, who together run a public bathhouse.","['Jiayi Du', 'Zheng Fang', 'Bing He', 'Wu Jiang']","['Yang Zhang', 'Yang Zhang', 'Fendou Liu', 'Xin Huo', ""Yi'nan Diao"", 'Shangjun Cai', 'Peter Loehr', 'Xiaogang Ye', 'Jian Zhang', 'Hongyu Yang']"
,Left Luggage,Castle Hill Productions,"September 22, 2000 (Domestic)",,1 hr 40 min,Drama,"Against a background of holocaust memories, a liberal Jewish girl becomes a nanny to a young Jewish boy with a disability and grows fond of him.","['Laura Fraser', 'Adam Monty', 'Isabella Rossellini', 'Jeroen Krabbé']","['Jeroen Krabbé', 'Carl Friedman', 'Edwin de Vries', 'Ate de Jong', 'Hans Pos', 'Dave Schram', 'Henny Vrienten', 'Walther van den Ende', 'Edgar Burcksen', 'Hemmo Sportel']"
,Blood Simple,Circle Films,"January 18, 1985 (Domestic)",,1 hr 39 min,Crime Drama Thriller,"The owner of a seedy small-town Texas bar discovers that one of his employees is having an affair with his wife. A chaotic chain of misunderstandings, lies, and mischief ensues after he devises a plot to have them murdered.","['John Getz', 'Frances McDormand', 'Dan Hedaya', 'M. Emmet Walsh']","['Joel Coen', 'Ethan Coen', 'Joel Coen', 'Ethan Coen', 'Ethan Coen', 'Carter Burwell', 'Barry Sonnenfeld', 'Ethan Coen', 'Joel Coen', 'Don Wiegmann', 'Jane Musky']"
,Marlene,,"March 9, 2000 (Germany)",,2 hr 12 min,Biography Drama Music,The movie follows the life and personality of the famous actress Marlene Dietrich.,"['Katja Flint', 'Hans Werner Meyer', 'Herbert Knaup', 'Heino Ferch']","['Joseph Vilsmaier', 'Christian Pfannenschmidt', 'Jutta Lieck-Klenke', 'Katharina M. Trebitsch', 'Harald Kloser', 'Thomas Wanker', 'Joseph Vilsmaier', 'Barbara Hennings', 'Rolf Zehetbauer']"
"$62,253",Hamlet,Miramax,"May 12, 2000 (Domestic)",R,1 hr 52 min,Drama Romance Thriller,Modern-day New York City adaptation of Shakespeare's immortal story about Hamlet's plight to avenge his father's murder.,"['Ethan Hawke', 'Kyle MacLachlan', 'Diane Venora', 'Sam Shepard']","['Michael Almereyda', 'William Shakespeare', 'Michael Almereyda', 'Andrew Fierberg', 'Amy Hobby', 'Carter Burwell', 'John de Borman', 'Kristina Boden', 'Gideon Ponte']"
"$109,694",The Broken Hearts Club: A Romantic Comedy,Sony Pictures Classics,"September 29, 2000 (Domestic)",,1 hr 34 min,Comedy Drama Romance Sport,An insight into the turbulent lives and loves of a gay clique based in Los Angeles.,"['Timothy Olyphant', 'Dean Cain', 'Zach Braff', 'Ben Weber']","['Greg Berlanti', 'Greg Berlanti', 'Mickey Liddell', 'Joseph Middleton', 'Christophe Beck', 'Paul Elliott', 'Todd Busch', 'Charlie Daboub']"
"$127,141",Cecil B. Demented,Artisan Entertainment,"August 11, 2000 (Domestic)",R,1 hr 27 min,Comedy Crime Thriller,An insane independent film director and his renegade group of teenage filmmakers kidnap an A-list Hollywood actress and force her to star in their underground film.,"['Melanie Griffith', 'Stephen Dorff', 'Alicia Witt', 'Adrian Grenier']","['John Waters', 'John Waters', 'Joseph M. Caracciolo Jr.', 'John Fiedler', 'Mark Tarlov', 'Basil Poledouris', 'Zoë Poledouris', 'Robert M. Stevens', 'Jeffrey Wolf', 'Vincent Peranio']"
